batch_id,inspection_date,line_id,product_code,units_inspected,units_passed,defect_count,defect_type,inspector_id,qc_result
BATCH-79906,2022-07-25,LINE-C,PROD-0025,382,382,0,None,INS-016,PASS
BATCH-87540,2024-06-29,LINE-C,PROD-0060,142,140,2,,INS-021,PASS
BATCH-57962,2023-09-01,LINE-D,PROD-0132,491,491,0,None,INS-003,PASS
BATCH-61801,2022-06-21,LINE-A,PROD-0177,411,409,2,None,INS-016,PASS
BATCH-51664,2024-11-13,LINE-B,PROD-0057,68,68,0,None,INS-026,PASS
BATCH-54518,2024-06-24,LINE-C,PROD-0023,361,360,1,,INS-012,PASS
BATCH-13549,2022-04-09,LINE-A,PROD-0102,419,417,2,None,INS-010,PASS
BATCH-94319,2024-03-28,LINE-C,PROD-0196,54,54,0,None,INS-011,PASS
BATCH-48545,2023-02-21,LINE-C,PROD-0104,102,101,1,Contamination,INS-002,FAIL
BATCH-24189,2023-12-21,LINE-E,PROD-0166,247,208,39,Crack,INS-006,FAIL
BATCH-55776,2023-06-26,LINE-D,PROD-0179,315,296,19,Wrong Label,INS-028,FAIL
BATCH-53649,2024-11-14,LINE-A,PROD-0183,104,94,10,Contamination,INS-029,FAIL
BATCH-15896,2022-04-26,LINE-C,PROD-0080,497,497,0,,INS-006,PASS
BATCH-84714,2024-06-04,LINE-B,PROD-0018,102,100,2,None,INS-003,PASS
BATCH-21141,2024-05-24,LINE-A,PROD-0192,247,247,0,None,INS-024,PASS
BATCH-77980,2023-08-30,LINE-D,PROD-0167,234,213,21,Dimensional Error,INS-028,PENDING
BATCH-41069,2024-03-13,LINE-E,PROD-0141,271,237,34,Wrong Label,INS-009,FAIL
BATCH-22621,2024-02-17,LINE-A,PROD-0003,467,389,78,Crack,INS-013,FAIL
BATCH-45511,2023-10-22,LINE-A,PROD-0166,377,377,0,None,INS-017,PASS
BATCH-23735,2024-10-03,LINE-E,PROD-0115,206,204,2,None,INS-007,PASS
BATCH-86165,2024-07-01,LINE-A,PROD-0006,185,185,0,None,INS-026,PASS
BATCH-53718,2023-01-26,LINE-C,PROD-0059,334,334,0,None,INS-017,PASS
BATCH-35132,2023-01-11,LINE-C,PROD-0187,278,278,0,None,INS-018,PASS
BATCH-43547,2024-09-24,LINE-E,PROD-0061,205,204,1,Wrong Label,INS-024,pass
BATCH-80736,2024-01-17,LINE-D,PROD-0057,277,275,2,None,INS-028,PASS
BATCH-96203,2023-12-20,LINE-D,PROD-0091,161,157,4,Missing Part,INS-026,FAIL
BATCH-52172,2022-11-12,LINE-D,PROD-0127,262,262,0,None,INS-016,PASS
BATCH-53548,2023-10-07,LINE-B,PROD-0190,177,175,2,,INS-030,PASS
BATCH-62820,2022-12-11,LINE-C,PROD-0181,427,426,1,,INS-012,PASS
BATCH-79950,2024-10-19,LINE-C,PROD-0172,353,352,1,None,INS-028,PASS
BATCH-87044,2024-09-10,LINE-A,PROD-0151,234,234,0,None,INS-002,PASS
BATCH-27022,2023-11-21,LINE-B,PROD-0028,322,322,0,None,INS-024,PASS
BATCH-87132,2022-12-12,LINE-E,PROD-0027,86,85,1,,INS-013,PENDING
BATCH-87470,2022-03-31,LINE-C,PROD-0135,429,429,0,None,INS-027,PASS
BATCH-76690,2022-09-22,LINE-E,PROD-0092,396,396,0,None,INS-002,PASS
BATCH-87209,2023-04-10,LINE-E,PROD-0007,139,137,2,None,INS-005,PASS
BATCH-47944,2023-04-25,LINE-A,PROD-0002,171,160,11,Contamination,INS-010,FAIL
BATCH-36015,2024-02-26,LINE-E,PROD-0070,400,400,0,None,INS-009,PASS
BATCH-20342,2024-04-07,LINE-C,PROD-0150,371,371,0,None,INS-007,PASS
BATCH-79719,2023-08-05,LINE-D,PROD-0082,65,63,2,None,INS-026,PENDING
BATCH-34274,2023-07-15,LINE-A,PROD-0134,479,479,0,,INS-009,pass
BATCH-51727,2023-05-14,LINE-C,PROD-0004,420,418,2,None,INS-024,PASS
BATCH-60530,2024-06-20,LINE-C,PROD-0063,206,206,0,None,INS-010,PASS
BATCH-33589,2024-12-24,LINE-E,PROD-0079,120,118,2,None,INS-004,PASS
BATCH-12462,2024-12-30,LINE-D,PROD-0089,338,338,0,,INS-010,PASS
BATCH-65210,2024-09-09,LINE-D,PROD-0154,147,147,0,,INS-019,PASS
BATCH-39083,2023-01-14,LINE-B,PROD-0160,405,405,0,None,INS-026,PASS
BATCH-64579,2024-05-08,LINE-C,PROD-0122,173,173,0,None,INS-016,PASS
BATCH-89429,2024-08-12,LINE-D,PROD-0192,184,184,0,None,INS-030,PASS
BATCH-55415,2022-08-11,LINE-B,PROD-0058,238,238,0,None,INS-012,PASS
BATCH-62776,2022-05-25,LINE-C,PROD-0082,177,176,1,None,INS-016,PASS
BATCH-34940,2024-07-15,LINE-A,PROD-0127,173,173,0,None,INS-024,PASS
BATCH-56994,2023-04-27,LINE-C,PROD-0048,179,179,0,None,INS-010,PASS
BATCH-16268,2022-02-19,LINE-C,PROD-0123,163,162,1,,INS-023,PASS
BATCH-37224,2023-11-15,LINE-E,PROD-0017,258,225,33,Crack,INS-014,FAIL
BATCH-99744,2023-03-26,LINE-B,PROD-0013,222,220,2,None,INS-024,PASS
BATCH-85983,2024-06-24,LINE-E,PROD-0093,181,181,0,None,INS-016,PASS
BATCH-97200,2024-06-29,LINE-A,PROD-0102,78,78,0,None,INS-016,PASS
BATCH-43199,2023-05-21,LINE-E,PROD-0156,344,290,54,Surface Scratch,INS-005,fail
BATCH-65029,2024-07-26,LINE-A,PROD-0112,253,253,0,,INS-001,PASS
BATCH-54852,2024-02-01,LINE-C,PROD-0097,80,80,0,,INS-029,fail
BATCH-98690,2024-12-11,LINE-A,PROD-0055,373,320,53,Surface Scratch,INS-006,FAIL
BATCH-46895,2023-07-11,LINE-D,PROD-0158,278,277,1,Dimensional Error,INS-014,FAIL
BATCH-91332,2024-04-01,LINE-E,PROD-0005,489,488,1,None,INS-008,PASS
BATCH-72926,2023-07-19,LINE-C,PROD-0022,56,53,3,Surface Scratch,INS-026,FAIL
BATCH-76184,2023-06-12,LINE-A,PROD-0085,190,187,3,Crack,INS-002,FAIL
BATCH-63435,2024-03-13,LINE-A,PROD-0087,422,421,1,,INS-018,PASS
BATCH-18651,2022-04-29,LINE-C,PROD-0135,259,259,0,,INS-006,PASS
BATCH-45598,2023-03-19,LINE-B,PROD-0181,478,391,87,Crack,INS-016,FAIL
BATCH-51434,2023-07-13,LINE-A,PROD-0046,356,356,0,None,INS-020,PASS
BATCH-70618,2023-03-06,LINE-B,PROD-0038,153,152,1,None,INS-010,PASS
BATCH-68898,2022-04-14,LINE-E,PROD-0111,68,68,0,,INS-027,PASS
BATCH-67724,2024-09-02,LINE-A,PROD-0091,178,171,7,Missing Part,INS-007,fail
BATCH-38793,2023-06-03,LINE-D,PROD-0034,451,442,9,Missing Part,INS-015,FAIL
BATCH-20876,2022-07-05,LINE-A,PROD-0074,240,238,2,None,INS-003,PASS
BATCH-58393,2022-05-13,LINE-E,PROD-0052,136,131,5,Crack,INS-016,FAIL
BATCH-28125,2022-09-27,LINE-C,PROD-0146,380,380,0,None,INS-029,PASS
BATCH-66857,2023-03-19,LINE-C,PROD-0108,307,269,38,Surface Scratch,INS-028,FAIL
BATCH-58299,2023-02-26,LINE-D,PROD-0052,391,391,0,,INS-007,PASS
BATCH-78846,2024-09-17,LINE-E,PROD-0136,344,344,0,,INS-006,PASS
BATCH-35158,2024-05-10,LINE-A,PROD-0108,64,62,2,None,INS-012,PASS
BATCH-39621,2023-06-05,LINE-C,PROD-0143,221,221,0,None,INS-006,PASS
BATCH-95833,2023-10-08,LINE-A,PROD-0142,126,126,0,None,INS-011,PENDING
BATCH-85208,2022-04-08,LINE-A,PROD-0135,72,72,0,,INS-017,PASS
BATCH-16635,2024-12-22,LINE-E,PROD-0082,439,439,0,,INS-010,pass
BATCH-29556,2023-11-30,LINE-C,PROD-0120,496,494,2,,INS-015,PASS
BATCH-97338,2023-11-13,LINE-E,PROD-0122,144,138,6,Surface Scratch,INS-014,FAIL
BATCH-60078,2022-07-28,LINE-E,PROD-0140,312,312,0,None,INS-002,PASS
BATCH-24486,2023-08-30,LINE-D,PROD-0162,81,76,5,Wrong Label,INS-011,FAIL
BATCH-80511,2024-12-30,LINE-B,PROD-0034,132,132,0,None,INS-016,PASS
BATCH-38110,2023-12-20,LINE-B,PROD-0112,284,283,1,,INS-010,PASS
BATCH-92853,2023-03-06,LINE-A,PROD-0017,302,302,0,None,INS-003,PASS
BATCH-79773,2022-09-30,LINE-D,PROD-0192,333,318,15,Crack,INS-002,FAIL
BATCH-64067,2024-03-17,LINE-B,PROD-0190,403,402,1,,INS-020,PASS
BATCH-19373,2022-04-21,LINE-C,PROD-0098,84,82,2,None,INS-024,pass
BATCH-59035,2022-08-12,LINE-A,PROD-0193,146,140,6,Dimensional Error,INS-017,PENDING
BATCH-77685,2022-04-13,LINE-A,PROD-0086,103,101,2,,INS-007,PASS
BATCH-54033,2023-06-18,LINE-A,PROD-0138,161,161,0,None,INS-014,PASS
BATCH-90120,2023-05-21,LINE-D,PROD-0035,298,297,1,,INS-029,fail
BATCH-61890,2023-12-14,LINE-A,PROD-0199,267,267,0,,INS-023,PASS
BATCH-22589,2024-10-22,LINE-D,PROD-0172,283,281,2,,INS-005,pass
BATCH-10158,2023-12-09,LINE-A,PROD-0023,293,293,0,None,INS-002,PASS
BATCH-80569,2023-11-26,LINE-E,PROD-0013,349,348,1,,INS-006,PASS
BATCH-83123,2022-03-02,LINE-E,PROD-0007,253,253,0,None,INS-020,PASS
BATCH-49976,2022-06-28,LINE-A,PROD-0153,192,190,2,None,INS-011,PENDING
BATCH-47242,2023-05-03,LINE-E,PROD-0096,298,298,0,None,INS-020,PENDING
BATCH-47878,2023-09-26,LINE-C,PROD-0155,157,157,0,None,INS-017,PASS
BATCH-18987,2024-02-19,LINE-B,PROD-0054,494,440,54,Wrong Label,INS-003,PENDING
BATCH-30312,2022-09-28,LINE-A,PROD-0179,63,61,2,None,INS-017,PASS
BATCH-21301,2022-11-16,LINE-C,PROD-0191,256,254,2,None,INS-022,PASS
BATCH-22856,2023-06-02,LINE-D,PROD-0058,394,393,1,None,INS-007,PASS
BATCH-41872,2023-11-10,LINE-A,PROD-0004,220,219,1,None,INS-021,PASS
BATCH-79420,2023-04-23,LINE-E,PROD-0098,239,239,0,,INS-024,PASS
BATCH-19372,2024-08-30,LINE-C,PROD-0010,232,231,1,None,INS-028,pass
BATCH-53119,2022-12-21,LINE-A,PROD-0123,191,191,0,None,INS-018,PASS
BATCH-66439,2024-12-17,LINE-B,PROD-0150,406,404,2,None,INS-028,PASS
BATCH-12604,2023-08-25,LINE-E,PROD-0015,290,290,0,None,INS-024,PASS
BATCH-94608,2022-05-09,LINE-A,PROD-0065,365,363,2,None,INS-008,PASS
BATCH-27346,2022-02-05,LINE-B,PROD-0069,335,333,2,None,INS-011,PASS
BATCH-79457,2024-03-13,LINE-B,PROD-0013,387,362,25,Surface Scratch,INS-026,FAIL
BATCH-36862,2024-08-09,LINE-D,PROD-0184,127,126,1,Contamination,INS-025,FAIL
BATCH-34111,2022-01-27,LINE-D,PROD-0053,325,324,1,None,INS-029,PASS
BATCH-29601,2022-12-26,LINE-E,PROD-0189,170,170,0,,INS-022,PASS
BATCH-34293,2024-01-25,LINE-C,PROD-0112,453,453,0,None,INS-002,PASS
BATCH-44287,2024-03-12,LINE-E,PROD-0164,233,233,0,None,INS-004,PENDING
BATCH-20523,2023-01-14,LINE-A,PROD-0195,105,90,15,Dimensional Error,INS-020,FAIL
BATCH-72996,2022-07-07,LINE-A,PROD-0003,143,141,2,None,INS-027,PASS
BATCH-20155,2023-01-19,LINE-A,PROD-0169,369,367,2,,INS-009,PASS
BATCH-76380,2022-05-22,LINE-A,PROD-0012,68,55,13,Dimensional Error,INS-009,FAIL
BATCH-52199,2023-08-23,LINE-D,PROD-0125,266,237,29,Crack,INS-013,FAIL
BATCH-84363,2022-10-30,LINE-E,PROD-0142,460,458,2,None,INS-005,PASS
BATCH-67206,2022-04-13,LINE-A,PROD-0014,498,497,1,None,INS-015,PASS
BATCH-32065,2023-12-17,LINE-B,PROD-0151,274,274,0,None,INS-005,PASS
BATCH-42882,2024-01-01,LINE-B,PROD-0193,66,56,10,Surface Scratch,INS-009,PENDING
BATCH-38881,2023-10-25,LINE-A,PROD-0125,378,376,2,,INS-002,PASS
BATCH-79112,2024-10-26,LINE-A,PROD-0068,417,416,1,Surface Scratch,INS-024,FAIL
BATCH-21022,2022-11-10,LINE-D,PROD-0083,303,301,2,None,INS-001,fail
BATCH-34567,2024-07-26,LINE-B,PROD-0118,239,215,24,Surface Scratch,INS-005,PENDING
BATCH-51804,2024-10-08,LINE-D,PROD-0105,228,228,0,None,INS-016,PASS
BATCH-46645,2022-09-23,LINE-C,PROD-0128,416,414,2,None,INS-021,PASS
BATCH-57183,2023-09-16,LINE-C,PROD-0023,388,323,65,Missing Part,INS-012,FAIL
BATCH-33857,2023-08-13,LINE-A,PROD-0020,330,288,42,Contamination,INS-009,FAIL
BATCH-23021,2022-10-17,LINE-D,PROD-0018,304,303,1,None,INS-004,PASS
BATCH-46558,2022-10-27,LINE-A,PROD-0129,168,168,0,None,INS-015,PASS
BATCH-40508,2024-03-10,LINE-B,PROD-0050,210,209,1,,INS-022,PASS
BATCH-65934,2024-03-29,LINE-D,PROD-0023,352,350,2,,INS-005,PASS
BATCH-55580,2023-03-26,LINE-A,PROD-0030,104,92,12,Contamination,INS-029,fail
BATCH-68669,2023-06-21,LINE-E,PROD-0093,452,451,1,None,INS-024,PASS
BATCH-27673,2024-09-17,LINE-C,PROD-0150,203,203,0,None,INS-002,PASS
BATCH-54406,2024-06-10,LINE-C,PROD-0120,328,328,0,,INS-028,PASS
BATCH-50206,2022-11-05,LINE-A,PROD-0144,107,106,1,None,INS-007,PASS
BATCH-77318,2024-06-22,LINE-D,PROD-0168,196,194,2,,INS-007,PASS
BATCH-24252,2024-04-29,LINE-E,PROD-0002,376,376,0,,INS-007,PASS
BATCH-24957,2023-04-28,LINE-A,PROD-0014,494,494,0,,INS-016,PASS
BATCH-64501,2023-06-07,LINE-C,PROD-0073,190,169,21,Missing Part,INS-010,FAIL
BATCH-43433,2024-04-02,LINE-A,PROD-0135,100,100,0,None,INS-027,PASS
BATCH-78876,2024-08-25,LINE-A,PROD-0047,244,244,0,None,INS-023,PASS
BATCH-41717,2024-08-31,LINE-B,PROD-0098,446,391,55,Contamination,INS-030,FAIL
BATCH-56727,2023-05-10,LINE-A,PROD-0142,298,298,0,,INS-022,fail
BATCH-27007,2023-07-31,LINE-D,PROD-0133,199,197,2,None,INS-012,PASS
BATCH-40605,2024-10-08,LINE-C,PROD-0074,408,408,0,None,INS-002,PASS
BATCH-87590,2022-03-17,LINE-C,PROD-0162,242,242,0,None,INS-002,PASS
BATCH-58185,2024-06-09,LINE-D,PROD-0164,444,444,0,None,INS-027,PASS
BATCH-40318,2023-12-22,LINE-A,PROD-0048,151,151,0,,INS-009,PASS
BATCH-35433,2022-05-20,LINE-B,PROD-0035,83,83,0,None,INS-026,PASS
BATCH-72964,2024-10-22,LINE-D,PROD-0006,295,295,0,None,INS-021,PASS
BATCH-35271,2022-07-04,LINE-C,PROD-0184,171,170,1,None,INS-020,fail
BATCH-21993,2024-07-06,LINE-A,PROD-0192,323,322,1,None,INS-017,PASS
BATCH-90122,2024-02-16,LINE-C,PROD-0166,273,271,2,,INS-027,PASS
BATCH-76857,2023-07-24,LINE-D,PROD-0094,375,373,2,None,INS-010,PASS
BATCH-63442,2024-07-15,LINE-A,PROD-0054,197,197,0,None,INS-017,PASS
BATCH-68663,2022-06-08,LINE-B,PROD-0015,54,53,1,None,INS-014,PASS
BATCH-92592,2022-03-19,LINE-E,PROD-0128,138,137,1,,INS-030,PASS
BATCH-39124,2023-09-28,LINE-A,PROD-0077,238,238,0,None,INS-021,PASS
BATCH-48970,2023-11-26,LINE-C,PROD-0146,118,103,15,Wrong Label,INS-015,FAIL
BATCH-63485,2023-01-22,LINE-D,PROD-0045,330,330,0,None,INS-029,pass
BATCH-48062,2022-12-06,LINE-D,PROD-0090,305,303,2,,INS-012,pass
BATCH-57826,2023-01-24,LINE-B,PROD-0064,238,238,0,None,INS-014,PASS
BATCH-12170,2024-04-03,LINE-B,PROD-0159,466,466,0,None,INS-026,PASS
BATCH-92994,2024-03-16,LINE-D,PROD-0158,196,195,1,,INS-018,PASS
BATCH-71934,2023-01-19,LINE-C,PROD-0166,285,285,0,,INS-017,PASS
BATCH-57288,2024-02-07,LINE-E,PROD-0127,489,488,1,,INS-019,PASS
BATCH-15088,2024-02-23,LINE-A,PROD-0106,226,226,0,,INS-021,PASS
BATCH-12128,2022-05-17,LINE-C,PROD-0096,81,79,2,None,INS-018,PASS
BATCH-42293,2022-10-08,LINE-D,PROD-0121,69,67,2,None,INS-001,PASS
BATCH-81516,2024-06-20,LINE-D,PROD-0156,298,298,0,,INS-020,PASS
BATCH-65027,2023-09-09,LINE-C,PROD-0168,335,335,0,None,INS-029,PASS
BATCH-62773,2024-11-22,LINE-D,PROD-0082,211,209,2,,INS-008,PASS
BATCH-62181,2024-03-14,LINE-A,PROD-0068,238,236,2,None,INS-016,PASS
BATCH-84537,2024-11-05,LINE-B,PROD-0010,382,382,0,,INS-024,PASS
BATCH-50793,2022-09-07,LINE-B,PROD-0068,189,188,1,None,INS-006,PASS
BATCH-17836,2022-12-01,LINE-D,PROD-0151,274,272,2,,INS-002,PASS
BATCH-10901,2023-06-10,LINE-D,PROD-0167,75,73,2,Wrong Label,INS-015,FAIL
BATCH-33290,2024-03-15,LINE-B,PROD-0112,264,264,0,,INS-010,PASS
BATCH-81528,2022-12-11,LINE-E,PROD-0065,187,187,0,,INS-011,PASS
BATCH-68836,2024-08-11,LINE-A,PROD-0026,325,309,16,Surface Scratch,INS-015,FAIL
BATCH-85952,2023-05-10,LINE-D,PROD-0025,314,312,2,None,INS-008,pass
BATCH-17168,2024-09-01,LINE-B,PROD-0098,484,484,0,None,INS-001,PASS
BATCH-93301,2024-09-01,LINE-C,PROD-0021,120,118,2,None,INS-014,PASS
BATCH-90432,2024-10-15,LINE-C,PROD-0152,374,374,0,None,INS-007,PASS
BATCH-87482,2023-06-10,LINE-A,PROD-0196,113,113,0,None,INS-022,PASS
BATCH-78819,2023-03-02,LINE-A,PROD-0069,360,330,30,Colour Deviation,INS-011,FAIL
BATCH-99622,2023-07-25,LINE-C,PROD-0152,313,311,2,None,INS-006,PASS
BATCH-54454,2023-04-25,LINE-D,PROD-0054,406,405,1,,INS-015,PASS
BATCH-98832,2023-06-17,LINE-D,PROD-0171,453,451,2,None,INS-005,PASS
BATCH-34300,2022-10-10,LINE-E,PROD-0057,270,269,1,None,INS-013,PASS
BATCH-64545,2024-09-27,LINE-C,PROD-0043,287,287,0,,INS-004,PASS
BATCH-43185,2024-01-16,LINE-A,PROD-0154,339,337,2,,INS-018,PASS
BATCH-76380,2023-02-11,LINE-C,PROD-0014,238,238,0,,INS-006,PASS
BATCH-91495,2023-03-05,LINE-B,PROD-0096,85,85,0,None,INS-026,PASS
BATCH-51050,2023-12-30,LINE-A,PROD-0172,307,305,2,None,INS-001,PASS
BATCH-19233,2024-11-19,LINE-C,PROD-0036,201,201,0,,INS-017,PASS
BATCH-38679,2024-06-24,LINE-E,PROD-0169,353,353,0,,INS-015,PENDING
BATCH-80716,2022-10-01,LINE-B,PROD-0089,424,424,0,None,INS-027,PASS
BATCH-26475,2022-03-31,LINE-D,PROD-0067,347,347,0,,INS-003,PENDING
BATCH-96564,2023-11-11,LINE-B,PROD-0076,179,179,0,None,INS-013,pass
BATCH-61024,2024-10-21,LINE-E,PROD-0169,401,400,1,None,INS-016,PASS
BATCH-90690,2023-05-17,LINE-E,PROD-0059,347,346,1,None,INS-016,PASS
BATCH-76646,2024-09-02,LINE-D,PROD-0081,381,381,0,,INS-001,PASS
BATCH-57250,2024-03-29,LINE-E,PROD-0171,404,335,69,Contamination,INS-004,FAIL
BATCH-88708,2024-10-28,LINE-D,PROD-0194,108,108,0,None,INS-028,PASS
BATCH-97294,2022-10-28,LINE-A,PROD-0091,266,266,0,None,INS-008,PASS
BATCH-82341,2024-05-07,LINE-D,PROD-0082,123,123,0,None,INS-011,PASS
BATCH-41767,2022-11-08,LINE-E,PROD-0185,194,194,0,,INS-026,PASS
BATCH-70177,2024-09-14,LINE-E,PROD-0114,101,99,2,None,INS-025,PASS
BATCH-85360,2024-06-06,LINE-D,PROD-0040,389,388,1,None,INS-009,PASS
BATCH-30055,2023-10-27,LINE-D,PROD-0044,211,177,34,Colour Deviation,INS-027,FAIL
BATCH-81339,2024-11-05,LINE-D,PROD-0039,346,346,0,None,INS-008,PASS
BATCH-88183,2023-08-19,LINE-B,PROD-0012,388,376,12,Missing Part,INS-021,FAIL
BATCH-91937,2022-12-17,LINE-B,PROD-0173,364,364,0,,INS-020,pass
BATCH-43421,2024-10-12,LINE-E,PROD-0133,372,372,0,,INS-029,PASS
BATCH-53008,2024-04-04,LINE-B,PROD-0018,90,90,0,,INS-017,PASS
BATCH-44222,2022-05-28,LINE-B,PROD-0071,279,279,0,None,INS-014,PASS
BATCH-83613,2023-08-08,LINE-E,PROD-0100,426,425,1,None,INS-025,PASS
BATCH-49559,2022-06-14,LINE-E,PROD-0177,426,342,84,Surface Scratch,INS-026,FAIL
BATCH-98858,2024-08-17,LINE-A,PROD-0128,246,244,2,,INS-026,PASS
BATCH-74963,2024-05-06,LINE-B,PROD-0030,64,64,0,,INS-013,PASS
BATCH-95397,2023-05-21,LINE-B,PROD-0045,156,154,2,None,INS-022,PENDING
BATCH-93614,2022-06-09,LINE-D,PROD-0183,297,297,0,,INS-030,PASS
BATCH-86928,2022-06-24,LINE-D,PROD-0020,476,475,1,None,INS-015,PASS
BATCH-22175,2022-02-12,LINE-D,PROD-0028,168,168,0,None,INS-012,PASS
BATCH-40534,2024-08-08,LINE-B,PROD-0130,343,343,0,None,INS-018,PASS
BATCH-21520,2022-12-02,LINE-A,PROD-0054,141,141,0,None,INS-006,PASS
BATCH-50542,2022-07-20,LINE-A,PROD-0085,483,483,0,None,INS-013,PASS
BATCH-53541,2024-09-05,LINE-A,PROD-0190,206,206,0,None,INS-012,PASS
BATCH-60667,2023-11-08,LINE-B,PROD-0147,63,62,1,None,INS-014,PASS
BATCH-16363,2024-02-11,LINE-C,PROD-0128,451,450,1,,INS-027,PASS
BATCH-84481,2023-04-01,LINE-A,PROD-0121,483,483,0,None,INS-027,PASS
BATCH-73137,2024-07-20,LINE-C,PROD-0091,94,94,0,,INS-018,PASS
BATCH-89510,2023-03-04,LINE-C,PROD-0162,86,84,2,,INS-029,PASS
BATCH-36351,2023-04-16,LINE-D,PROD-0140,74,67,7,Contamination,INS-019,FAIL
BATCH-71339,2022-10-02,LINE-C,PROD-0051,170,170,0,,INS-017,PASS
BATCH-49421,2023-10-04,LINE-A,PROD-0077,62,53,9,Colour Deviation,INS-003,FAIL
BATCH-24117,2022-10-16,LINE-A,PROD-0037,137,137,0,,INS-026,PASS
BATCH-58559,2024-10-03,LINE-D,PROD-0161,121,120,1,,INS-018,pass
BATCH-35952,2022-10-15,LINE-C,PROD-0063,55,53,2,None,INS-017,PASS
BATCH-17585,2023-07-22,LINE-E,PROD-0027,117,116,1,None,INS-006,PASS
BATCH-50764,2022-08-25,LINE-D,PROD-0189,236,200,36,Colour Deviation,INS-021,FAIL
BATCH-30334,2024-01-07,LINE-C,PROD-0199,351,350,1,,INS-023,PASS
BATCH-75356,2024-05-17,LINE-A,PROD-0157,115,114,1,,INS-018,PASS
BATCH-10049,2023-08-22,LINE-E,PROD-0167,155,154,1,,INS-016,PASS
BATCH-95219,2024-07-08,LINE-A,PROD-0140,88,88,0,,INS-020,PASS
BATCH-45087,2024-08-31,LINE-B,PROD-0053,228,194,34,Surface Scratch,INS-006,FAIL
BATCH-96276,2022-02-17,LINE-D,PROD-0026,250,249,1,None,INS-016,PASS
BATCH-57323,2024-06-07,LINE-B,PROD-0051,439,439,0,None,INS-017,PASS
BATCH-52722,2024-03-21,LINE-A,PROD-0179,266,265,1,,INS-003,PASS
BATCH-91519,2022-07-15,LINE-B,PROD-0032,128,128,0,,INS-011,PASS
BATCH-81527,2023-07-04,LINE-D,PROD-0130,290,290,0,,INS-009,PASS
BATCH-25076,2023-06-28,LINE-A,PROD-0068,169,169,0,None,INS-017,PASS
BATCH-38192,2024-07-01,LINE-C,PROD-0121,268,267,1,None,INS-016,PASS
BATCH-37015,2022-03-15,LINE-D,PROD-0094,467,466,1,None,INS-010,PASS
BATCH-85001,2022-03-14,LINE-B,PROD-0100,274,273,1,None,INS-004,PASS
BATCH-73339,2022-08-09,LINE-A,PROD-0073,339,337,2,None,INS-020,PASS
BATCH-72568,2023-09-08,LINE-D,PROD-0016,245,245,0,,INS-011,fail
BATCH-19521,2023-03-08,LINE-D,PROD-0035,498,498,0,,INS-021,PASS
BATCH-34180,2023-02-07,LINE-B,PROD-0108,208,197,11,Surface Scratch,INS-007,fail
BATCH-86458,2024-05-22,LINE-E,PROD-0067,363,362,1,,INS-010,PASS
BATCH-33052,2022-05-02,LINE-A,PROD-0165,416,414,2,None,INS-021,PASS
BATCH-12443,2022-10-18,LINE-E,PROD-0198,409,407,2,None,INS-012,PASS
BATCH-55353,2024-01-15,LINE-E,PROD-0005,348,348,0,,INS-024,PASS
BATCH-99646,2022-03-02,LINE-A,PROD-0035,408,408,0,,INS-001,PASS
BATCH-83527,2024-05-23,LINE-D,PROD-0027,92,90,2,None,INS-015,pass
BATCH-72190,2023-10-19,LINE-B,PROD-0023,100,99,1,,INS-019,PASS
BATCH-63730,2022-07-05,LINE-C,PROD-0138,154,154,0,,INS-019,PASS
BATCH-82213,2022-01-10,LINE-B,PROD-0094,330,329,1,,INS-023,PASS
BATCH-52306,2024-03-17,LINE-A,PROD-0116,238,237,1,None,INS-025,PASS
BATCH-70683,2024-04-22,LINE-C,PROD-0001,438,388,50,Wrong Label,INS-006,FAIL
BATCH-14450,2023-02-09,LINE-A,PROD-0138,185,185,0,,INS-009,PASS
BATCH-37353,2022-10-11,LINE-E,PROD-0153,138,138,0,None,INS-003,PASS
BATCH-32819,2024-07-08,LINE-C,PROD-0134,369,369,0,None,INS-008,PASS
BATCH-44901,2023-10-04,LINE-B,PROD-0005,95,94,1,,INS-013,PASS
BATCH-81789,2023-05-17,LINE-A,PROD-0042,57,55,2,None,INS-024,PASS
BATCH-59192,2023-12-25,LINE-E,PROD-0067,362,362,0,,INS-013,PASS
BATCH-20858,2022-09-21,LINE-A,PROD-0175,426,425,1,None,INS-005,PASS
BATCH-27948,2022-04-03,LINE-E,PROD-0146,451,451,0,,INS-010,PASS
BATCH-71269,2024-01-29,LINE-C,PROD-0195,169,168,1,None,INS-026,PASS
BATCH-79746,2023-09-18,LINE-B,PROD-0029,137,137,0,None,INS-013,PASS
BATCH-16417,2022-01-16,LINE-C,PROD-0055,75,75,0,,INS-030,PASS
BATCH-38939,2022-07-22,LINE-C,PROD-0172,306,305,1,,INS-017,PASS
BATCH-42475,2022-04-01,LINE-E,PROD-0150,112,93,19,Wrong Label,INS-012,FAIL
BATCH-91728,2024-07-17,LINE-A,PROD-0191,83,81,2,,INS-004,PASS
BATCH-54428,2023-10-28,LINE-A,PROD-0088,152,152,0,,INS-016,PASS
BATCH-42980,2024-10-31,LINE-A,PROD-0043,90,88,2,None,INS-028,PASS
BATCH-88940,2023-01-17,LINE-E,PROD-0019,227,227,0,None,INS-010,PASS
BATCH-40463,2022-06-17,LINE-E,PROD-0073,343,342,1,None,INS-017,PASS
BATCH-14297,2022-06-13,LINE-B,PROD-0192,189,189,0,None,INS-026,PASS
BATCH-53244,2022-04-30,LINE-E,PROD-0096,383,383,0,,INS-014,PASS
BATCH-93023,2024-10-15,LINE-D,PROD-0026,156,142,14,Dimensional Error,INS-004,FAIL
BATCH-37881,2024-01-03,LINE-B,PROD-0025,197,196,1,,INS-007,PASS
BATCH-20713,2024-10-13,LINE-D,PROD-0185,228,215,13,Dimensional Error,INS-015,FAIL
BATCH-18583,2023-12-01,LINE-D,PROD-0159,155,154,1,,INS-003,PASS
BATCH-20765,2024-05-14,LINE-E,PROD-0057,465,465,0,None,INS-012,pass
BATCH-22196,2023-01-02,LINE-A,PROD-0070,466,396,70,Dimensional Error,INS-005,FAIL
BATCH-86161,2024-07-22,LINE-B,PROD-0181,330,330,0,,INS-006,PASS
BATCH-46502,2022-09-29,LINE-C,PROD-0105,483,481,2,,INS-017,PENDING
BATCH-70669,2024-01-12,LINE-D,PROD-0149,129,129,0,,INS-009,PENDING
BATCH-85178,2022-01-10,LINE-C,PROD-0052,116,116,0,,INS-028,PASS
BATCH-51941,2022-02-02,LINE-D,PROD-0078,418,417,1,,INS-025,PASS
BATCH-66799,2024-06-21,LINE-D,PROD-0077,197,185,12,Wrong Label,INS-029,FAIL
BATCH-67344,2024-02-03,LINE-E,PROD-0163,168,159,9,Colour Deviation,INS-013,FAIL
BATCH-77926,2022-05-16,LINE-A,PROD-0058,180,173,7,Surface Scratch,INS-005,fail
BATCH-39797,2023-03-12,LINE-A,PROD-0143,409,395,14,Wrong Label,INS-010,FAIL
BATCH-91850,2024-02-20,LINE-E,PROD-0148,278,276,2,Surface Scratch,INS-004,FAIL
BATCH-28149,2022-06-16,LINE-E,PROD-0083,490,488,2,None,INS-024,PASS
BATCH-41012,2022-10-16,LINE-A,PROD-0030,142,142,0,None,INS-020,PASS
BATCH-80734,2023-11-06,LINE-D,PROD-0130,119,119,0,None,INS-016,PASS
BATCH-22842,2023-04-09,LINE-D,PROD-0084,494,493,1,,INS-008,PASS
BATCH-46050,2022-12-12,LINE-D,PROD-0045,446,374,72,Crack,INS-001,FAIL
BATCH-80556,2023-04-09,LINE-E,PROD-0078,122,122,0,,INS-024,PASS
BATCH-92649,2022-05-15,LINE-A,PROD-0071,348,347,1,None,INS-009,PASS
BATCH-38417,2023-08-26,LINE-C,PROD-0057,474,474,0,None,INS-018,PASS
BATCH-57584,2024-12-19,LINE-C,PROD-0005,464,464,0,,INS-011,PASS
BATCH-33645,2022-02-17,LINE-B,PROD-0078,467,467,0,None,INS-005,PASS
BATCH-82933,2023-06-25,LINE-E,PROD-0064,368,368,0,None,INS-007,PASS
BATCH-54713,2023-05-12,LINE-C,PROD-0073,111,110,1,,INS-009,PASS
BATCH-89021,2022-09-30,LINE-D,PROD-0007,195,195,0,None,INS-013,PASS
BATCH-27900,2024-07-09,LINE-D,PROD-0127,392,382,10,Dimensional Error,INS-009,FAIL
BATCH-68450,2022-11-08,LINE-E,PROD-0081,110,98,12,Crack,INS-025,PENDING
BATCH-24728,2024-01-30,LINE-D,PROD-0159,364,362,2,None,INS-006,PASS
BATCH-62186,2022-05-24,LINE-A,PROD-0149,54,54,0,,INS-016,pass
BATCH-34795,2023-03-09,LINE-C,PROD-0050,99,97,2,,INS-018,PASS
BATCH-39284,2022-11-02,LINE-D,PROD-0158,178,178,0,,INS-017,PENDING
BATCH-63059,2023-04-18,LINE-E,PROD-0175,84,82,2,None,INS-024,PASS
BATCH-48778,2024-03-11,LINE-D,PROD-0016,390,390,0,,INS-003,PASS
BATCH-87846,2023-03-30,LINE-C,PROD-0176,459,459,0,,INS-019,PASS
BATCH-94887,2022-11-12,LINE-C,PROD-0124,55,53,2,None,INS-016,PASS
BATCH-38010,2024-06-19,LINE-C,PROD-0190,154,154,0,None,INS-023,PASS
BATCH-58785,2022-04-11,LINE-D,PROD-0004,99,98,1,None,INS-004,PASS
BATCH-37382,2022-02-02,LINE-D,PROD-0066,118,118,0,,INS-029,PASS
BATCH-35638,2024-02-23,LINE-E,PROD-0007,438,438,0,None,INS-002,PASS
BATCH-99325,2023-04-13,LINE-B,PROD-0180,438,437,1784,None,INS-013,PASS
BATCH-78127,2022-02-20,LINE-C,PROD-0088,384,384,0,None,INS-012,PASS
BATCH-12521,2022-03-06,LINE-A,PROD-0031,114,96,18,Missing Part,INS-004,pass
BATCH-54392,2022-02-04,LINE-B,PROD-0077,258,257,1,None,INS-009,PENDING
BATCH-99237,2022-03-15,LINE-E,PROD-0047,418,417,1,None,INS-021,PASS
BATCH-56909,2024-09-03,LINE-B,PROD-0074,173,172,1,,INS-018,PASS
BATCH-22097,2022-05-03,LINE-E,PROD-0126,407,407,0,None,INS-008,PASS
BATCH-26563,2023-03-15,LINE-E,PROD-0027,195,195,0,,INS-029,PASS
BATCH-63015,2022-09-14,LINE-B,PROD-0049,369,369,0,None,INS-008,PASS
BATCH-89491,2024-01-06,LINE-B,PROD-0128,195,195,0,,INS-017,PASS
BATCH-51378,2022-03-11,LINE-D,PROD-0016,256,256,0,,INS-011,PASS
BATCH-22770,2022-12-09,LINE-E,PROD-0190,232,231,1,,INS-015,PASS
BATCH-84920,2024-12-30,LINE-E,PROD-0004,352,345,7,Missing Part,INS-019,FAIL
BATCH-94631,2024-10-23,LINE-B,PROD-0172,128,128,0,,INS-019,PASS
BATCH-41015,2023-01-05,LINE-D,PROD-0141,194,192,2,,INS-018,PASS
BATCH-27498,2024-03-24,LINE-D,PROD-0162,486,486,0,None,INS-020,PASS
BATCH-53600,2023-10-17,LINE-C,PROD-0002,260,259,1,None,INS-022,PASS
BATCH-67887,2024-07-03,LINE-E,PROD-0064,105,105,0,,INS-019,PASS
BATCH-83396,2023-10-09,LINE-A,PROD-0002,53,53,0,None,INS-029,PASS
BATCH-93612,2024-08-16,LINE-B,PROD-0095,78,78,0,None,INS-014,PASS
BATCH-55148,2023-01-21,LINE-D,PROD-0055,277,277,0,None,INS-020,PASS
BATCH-33245,2022-04-22,LINE-D,PROD-0200,365,365,0,,INS-028,PASS
BATCH-70044,2023-06-16,LINE-D,PROD-0130,458,457,1,,INS-002,PASS
BATCH-77453,2022-05-28,LINE-A,PROD-0150,192,191,1,None,INS-009,PASS
BATCH-78646,2022-01-03,LINE-D,PROD-0062,439,437,2,,INS-017,PASS
BATCH-95277,2023-02-20,LINE-A,PROD-0087,407,405,2,,INS-018,fail
BATCH-66252,2023-07-10,LINE-E,PROD-0113,426,426,0,None,INS-024,fail
BATCH-18006,2023-08-21,LINE-B,PROD-0067,455,455,0,,INS-001,PASS
BATCH-12568,2022-10-06,LINE-B,PROD-0104,61,60,1,None,INS-001,PASS
BATCH-58447,2024-01-01,LINE-C,PROD-0006,337,337,0,None,INS-015,PASS
BATCH-19053,2024-11-04,LINE-D,PROD-0009,131,126,5,Colour Deviation,INS-014,FAIL
BATCH-85959,2024-06-08,LINE-D,PROD-0003,344,343,1,,INS-002,PASS
BATCH-65850,2023-11-21,LINE-B,PROD-0181,408,407,1,,INS-021,PASS
BATCH-66525,2023-05-26,LINE-B,PROD-0039,304,304,0,None,INS-028,PASS
BATCH-68258,2023-06-13,LINE-E,PROD-0191,253,251,2,None,INS-002,PASS
BATCH-94661,2022-08-24,LINE-B,PROD-0040,312,312,0,None,INS-003,PASS
BATCH-19407,2024-06-28,LINE-E,PROD-0094,318,318,0,,INS-012,PASS
BATCH-57866,2024-12-04,LINE-C,PROD-0125,96,96,0,,INS-015,PASS
BATCH-89980,2024-01-11,LINE-D,PROD-0163,449,449,0,None,INS-006,PASS
BATCH-39528,2022-01-14,LINE-C,PROD-0191,135,135,0,None,INS-024,PASS
BATCH-96671,2022-12-21,LINE-D,PROD-0153,179,179,0,None,INS-003,PASS
BATCH-28581,2022-01-21,LINE-A,PROD-0068,94,77,17,Surface Scratch,INS-027,FAIL
BATCH-78320,2023-03-03,LINE-E,PROD-0029,344,344,0,None,INS-016,fail
BATCH-54314,2024-11-18,LINE-C,PROD-0054,326,319,7,Wrong Label,INS-029,FAIL
BATCH-75406,2023-08-18,LINE-D,PROD-0159,181,181,0,None,INS-006,PASS
BATCH-72001,2023-09-30,LINE-C,PROD-0074,286,286,0,None,INS-009,PASS
BATCH-51715,2023-07-21,LINE-E,PROD-0015,335,333,2,,INS-024,PASS
BATCH-85820,2022-02-09,LINE-E,PROD-0148,348,297,51,Missing Part,INS-017,FAIL
BATCH-55115,2024-03-13,LINE-A,PROD-0108,203,203,0,None,INS-028,PASS
BATCH-68037,2024-05-11,LINE-B,PROD-0172,62,61,1,None,INS-015,fail
BATCH-14565,2023-05-10,LINE-E,PROD-0030,191,191,0,None,INS-020,PASS
BATCH-89946,2022-07-25,LINE-C,PROD-0187,153,152,1,,INS-015,PASS
BATCH-25440,2024-07-08,LINE-E,PROD-0019,286,285,1,None,INS-024,PENDING
BATCH-98262,2023-04-25,LINE-C,PROD-0001,430,430,0,None,INS-028,PASS
BATCH-74992,2024-11-28,LINE-A,PROD-0033,144,135,9,Dimensional Error,INS-024,FAIL
BATCH-63865,2022-12-11,LINE-C,PROD-0043,386,384,2,None,INS-026,PASS
BATCH-29296,2023-12-28,LINE-B,PROD-0151,169,167,2,,INS-015,PASS
BATCH-73684,2023-11-02,LINE-B,PROD-0110,134,122,12,Wrong Label,INS-026,FAIL
BATCH-56729,2023-02-05,LINE-D,PROD-0078,180,179,1,None,INS-016,PASS
BATCH-48021,2024-04-16,LINE-E,PROD-0009,368,368,0,None,INS-019,PASS
BATCH-22635,2023-01-16,LINE-D,PROD-0062,346,346,0,,INS-030,PASS
BATCH-52965,2022-02-09,LINE-A,PROD-0088,466,464,2,None,INS-017,PASS
BATCH-25115,2023-03-28,LINE-B,PROD-0006,75,75,0,,INS-007,PASS
BATCH-73039,2024-02-26,LINE-D,PROD-0133,84,83,1,,INS-002,PASS
BATCH-53564,2022-09-04,LINE-B,PROD-0028,139,139,0,None,INS-027,PASS
BATCH-65141,2023-03-23,LINE-A,PROD-0098,328,326,2,,INS-001,PASS
BATCH-86383,2022-10-11,LINE-A,PROD-0140,154,152,2,None,INS-001,PASS
BATCH-23009,2024-08-31,LINE-D,PROD-0035,392,333,59,Dimensional Error,INS-016,FAIL
BATCH-28493,2024-03-08,LINE-A,PROD-0023,70,64,6,Colour Deviation,INS-016,FAIL
BATCH-77654,2022-03-27,LINE-A,PROD-0010,109,109,0,None,INS-026,PASS
BATCH-81349,2024-01-11,LINE-A,PROD-0116,466,465,1,,INS-029,PASS
BATCH-78919,2022-08-30,LINE-C,PROD-0001,152,150,2,,INS-030,PASS
BATCH-76295,2023-11-21,LINE-C,PROD-0194,241,230,11,Contamination,INS-024,FAIL
BATCH-63484,2022-07-21,LINE-D,PROD-0149,208,208,0,,INS-008,PASS
BATCH-29165,2023-11-12,LINE-B,PROD-0182,105,103,2,None,INS-021,PASS
BATCH-77451,2022-03-25,LINE-D,PROD-0164,449,449,0,None,INS-019,PASS
BATCH-20137,2023-09-30,LINE-B,PROD-0035,287,286,1,None,INS-027,PASS
BATCH-83710,2024-10-14,LINE-C,PROD-0168,71,71,0,,INS-030,PASS
BATCH-92285,2024-12-09,LINE-D,PROD-0074,432,430,2,,INS-021,PASS
BATCH-60513,2024-01-21,LINE-E,PROD-0136,152,145,7,Dimensional Error,INS-023,FAIL
BATCH-91679,2022-08-21,LINE-C,PROD-0038,140,138,2,None,INS-017,PASS
BATCH-40922,2024-11-26,LINE-A,PROD-0055,179,178,1,None,INS-007,PASS
BATCH-96665,2022-02-16,LINE-A,PROD-0115,274,269,5,Wrong Label,INS-019,FAIL
BATCH-35856,2024-05-15,LINE-D,PROD-0110,307,306,1,,INS-021,PASS
BATCH-41095,2023-10-19,LINE-B,PROD-0040,361,359,2,None,INS-029,PASS
BATCH-25436,2022-02-09,LINE-E,PROD-0181,141,141,0,None,INS-007,PASS
BATCH-90265,2024-12-14,LINE-A,PROD-0025,280,280,0,,INS-014,PASS
BATCH-93328,2024-03-02,LINE-D,PROD-0064,109,107,2,None,INS-030,PASS
BATCH-16779,2023-06-23,LINE-C,PROD-0172,169,168,1,None,INS-013,pass
BATCH-91201,2023-09-27,LINE-D,PROD-0022,228,228,0,None,INS-029,PASS
BATCH-74635,2024-03-25,LINE-C,PROD-0017,304,304,0,None,INS-007,PASS
BATCH-63036,2024-12-25,LINE-C,PROD-0142,286,286,0,,INS-004,PASS
BATCH-69589,2023-08-20,LINE-D,PROD-0058,152,152,0,None,INS-017,PASS
BATCH-88314,2023-09-28,LINE-E,PROD-0105,200,200,763,None,INS-005,PASS
BATCH-63040,2024-11-18,LINE-E,PROD-0189,387,387,0,,INS-012,PASS
BATCH-30562,2022-12-19,LINE-D,PROD-0072,302,302,0,,INS-002,PASS
BATCH-84543,2022-06-13,LINE-A,PROD-0052,311,311,0,,INS-027,PASS
BATCH-26348,2022-10-19,LINE-D,PROD-0171,261,259,2,None,INS-027,PASS
BATCH-92767,2022-01-24,LINE-E,PROD-0171,203,177,26,Crack,INS-009,FAIL
BATCH-54813,2022-05-19,LINE-B,PROD-0117,176,176,0,None,INS-028,PASS
BATCH-81701,2022-03-10,LINE-B,PROD-0182,57,46,11,Crack,INS-028,FAIL
BATCH-46055,2024-09-26,LINE-C,PROD-0180,332,332,0,,INS-002,pass
BATCH-80943,2023-07-27,LINE-B,PROD-0124,449,448,1,None,INS-012,PASS
BATCH-48406,2023-05-24,LINE-A,PROD-0048,245,245,0,,INS-021,PASS
BATCH-77147,2023-12-07,LINE-A,PROD-0099,427,427,0,None,INS-022,PASS
BATCH-57135,2023-05-20,LINE-B,PROD-0139,71,69,2,None,INS-006,PASS
BATCH-29205,2022-02-28,LINE-C,PROD-0072,172,172,0,None,INS-003,PASS
BATCH-41238,2023-09-02,LINE-C,PROD-0070,53,53,0,None,INS-007,PASS
BATCH-52432,2023-08-09,LINE-D,PROD-0015,118,117,1,None,INS-008,PASS
BATCH-17973,2022-03-15,LINE-B,PROD-0089,256,219,37,Colour Deviation,INS-010,FAIL
BATCH-60086,2022-01-15,LINE-E,PROD-0154,64,62,2,Crack,INS-001,FAIL
BATCH-62204,2023-05-29,LINE-E,PROD-0106,243,243,0,None,INS-008,PASS
BATCH-51974,2024-01-30,LINE-B,PROD-0171,436,407,29,Contamination,INS-025,FAIL
BATCH-80299,2022-02-20,LINE-C,PROD-0167,55,55,0,,INS-010,PASS
BATCH-90384,2022-07-02,LINE-C,PROD-0051,156,155,1,Missing Part,INS-029,FAIL
BATCH-87716,2023-10-30,LINE-D,PROD-0196,370,315,55,Colour Deviation,INS-010,FAIL
BATCH-53019,2022-10-20,LINE-E,PROD-0156,85,85,0,,INS-027,PASS
BATCH-21595,2024-11-10,LINE-A,PROD-0104,490,490,0,,INS-006,PASS
BATCH-64656,2024-07-13,LINE-D,PROD-0099,415,413,2,None,INS-018,PASS
BATCH-13759,2022-01-25,LINE-C,PROD-0098,248,217,31,Surface Scratch,INS-029,FAIL
BATCH-67466,2024-12-31,LINE-D,PROD-0005,58,57,1,,INS-028,PASS
BATCH-77985,2024-01-03,LINE-A,PROD-0065,411,411,0,None,INS-025,PASS
BATCH-76920,2023-08-15,LINE-E,PROD-0160,297,296,1,None,INS-023,PASS
BATCH-64800,2023-05-04,LINE-B,PROD-0167,104,104,0,None,INS-027,PASS
BATCH-64149,2024-05-17,LINE-B,PROD-0186,429,429,0,None,INS-018,PASS
BATCH-41944,2023-06-15,LINE-B,PROD-0077,350,350,0,None,INS-019,PASS
BATCH-78344,2023-06-16,LINE-B,PROD-0096,452,452,0,None,INS-010,PASS
BATCH-46097,2022-04-22,LINE-C,PROD-0177,280,278,2,None,INS-024,PASS
BATCH-77858,2024-07-03,LINE-E,PROD-0064,487,485,2,,INS-011,PASS
BATCH-70612,2024-06-29,LINE-D,PROD-0074,90,73,17,Dimensional Error,INS-013,FAIL
BATCH-68249,2024-06-28,LINE-C,PROD-0089,232,232,0,,INS-025,PASS
BATCH-43408,2023-08-06,LINE-E,PROD-0038,413,411,2,None,INS-001,PASS
BATCH-56216,2022-11-16,LINE-B,PROD-0181,264,262,2,None,INS-024,PASS
BATCH-27257,2023-06-30,LINE-C,PROD-0057,263,261,2,,INS-015,PASS
BATCH-18265,2022-05-23,LINE-A,PROD-0055,107,107,0,None,INS-018,PASS
BATCH-43072,2023-03-06,LINE-B,PROD-0009,196,194,2,None,INS-024,PASS
BATCH-93277,2022-07-29,LINE-B,PROD-0154,88,87,1,,INS-026,PASS
BATCH-28555,2024-08-17,LINE-A,PROD-0144,336,335,1,,INS-022,PASS
BATCH-49166,2023-04-17,LINE-A,PROD-0011,385,384,1,None,INS-003,PASS
BATCH-15811,2023-03-01,LINE-C,PROD-0058,238,238,0,,INS-006,PASS
BATCH-15015,2024-07-09,LINE-D,PROD-0031,288,288,0,,INS-027,PASS
BATCH-68499,2024-05-30,LINE-B,PROD-0185,416,415,1,,INS-015,PASS
BATCH-69626,2022-06-13,LINE-C,PROD-0023,489,489,0,None,INS-010,PASS
BATCH-79545,2023-12-13,LINE-D,PROD-0153,118,116,2,None,INS-008,PASS
BATCH-80573,2022-08-03,LINE-E,PROD-0061,148,148,0,None,INS-006,PASS
BATCH-83991,2024-03-16,LINE-A,PROD-0142,317,317,0,None,INS-003,PASS
BATCH-50869,2022-11-03,LINE-B,PROD-0018,105,105,0,,INS-016,PASS
BATCH-13873,2022-05-03,LINE-D,PROD-0038,483,482,1,,INS-010,PASS
BATCH-69733,2024-02-10,LINE-D,PROD-0004,464,463,1,,INS-025,PASS
BATCH-72004,2022-02-10,LINE-B,PROD-0095,484,484,0,None,INS-015,PASS
BATCH-58648,2024-08-12,LINE-A,PROD-0142,136,134,2,,INS-003,PASS
BATCH-26328,2023-03-04,LINE-C,PROD-0009,210,210,0,None,INS-010,PASS
BATCH-39422,2024-09-19,LINE-A,PROD-0190,68,68,0,None,INS-024,PASS
BATCH-26447,2024-05-30,LINE-B,PROD-0199,197,196,1,None,INS-018,PASS
BATCH-29274,2022-06-02,LINE-D,PROD-0085,467,466,1,None,INS-002,pass
BATCH-47338,2023-11-12,LINE-E,PROD-0096,372,370,2,None,INS-001,PASS
BATCH-88678,2023-02-25,LINE-E,PROD-0030,449,392,57,Wrong Label,INS-009,FAIL
BATCH-56986,2023-02-15,LINE-A,PROD-0093,86,86,0,None,INS-003,PASS
BATCH-63801,2022-05-04,LINE-C,PROD-0167,481,442,39,Crack,INS-014,FAIL
BATCH-41631,2024-04-24,LINE-B,PROD-0054,120,118,2,,INS-024,PASS
BATCH-43099,2022-10-11,LINE-E,PROD-0074,440,440,0,None,INS-030,PASS
BATCH-94228,2023-07-17,LINE-E,PROD-0044,219,219,0,None,INS-010,PASS
BATCH-95503,2023-07-18,LINE-E,PROD-0062,472,471,1,None,INS-002,PASS
BATCH-37929,2022-08-11,LINE-B,PROD-0056,206,206,0,,INS-002,PASS
BATCH-31717,2024-12-03,LINE-E,PROD-0129,355,355,0,None,INS-018,PASS
BATCH-28732,2024-08-09,LINE-A,PROD-0061,299,299,0,None,INS-017,PASS
BATCH-36570,2024-05-12,LINE-A,PROD-0011,454,454,0,None,INS-005,PASS
BATCH-58882,2022-12-07,LINE-D,PROD-0031,133,133,0,None,INS-005,PASS
BATCH-81283,2024-11-25,LINE-A,PROD-0069,56,55,1,None,INS-004,PASS
BATCH-53685,2023-08-07,LINE-A,PROD-0002,422,377,45,Surface Scratch,INS-029,pass
BATCH-14504,2023-07-09,LINE-A,PROD-0187,293,293,1890,None,INS-022,PASS
BATCH-97268,2023-06-14,LINE-B,PROD-0174,453,453,0,,INS-011,PASS
BATCH-82617,2022-05-28,LINE-D,PROD-0015,307,306,1,None,INS-029,PASS
BATCH-36755,2023-10-19,LINE-A,PROD-0054,97,95,2,None,INS-005,PASS
BATCH-32135,2023-01-19,LINE-A,PROD-0139,264,264,0,,INS-029,PASS
BATCH-75909,2024-09-26,LINE-D,PROD-0194,123,121,2,,INS-012,PASS
BATCH-97570,2022-03-14,LINE-B,PROD-0096,84,78,6,Crack,INS-018,FAIL
BATCH-16259,2024-09-06,LINE-C,PROD-0155,189,189,0,,INS-008,pass
BATCH-77671,2023-07-21,LINE-A,PROD-0092,292,292,0,,INS-003,PASS
BATCH-54898,2023-09-02,LINE-B,PROD-0155,142,142,0,None,INS-005,PASS
BATCH-57565,2023-07-25,LINE-A,PROD-0196,253,253,0,None,INS-021,PASS
BATCH-91557,2024-10-15,LINE-C,PROD-0014,113,113,0,None,INS-001,PASS
BATCH-32329,2024-09-01,LINE-C,PROD-0138,483,476,7,Dimensional Error,INS-029,FAIL
BATCH-65263,2022-02-10,LINE-A,PROD-0167,330,330,0,None,INS-015,PASS
BATCH-96061,2024-06-08,LINE-A,PROD-0066,93,93,0,,INS-014,PASS
BATCH-40117,2022-02-09,LINE-E,PROD-0107,334,287,47,Contamination,INS-001,FAIL
BATCH-18241,2023-03-29,LINE-E,PROD-0147,215,213,2,,INS-023,PASS
BATCH-82263,2024-04-15,LINE-D,PROD-0023,296,296,0,None,INS-030,PASS
BATCH-48833,2022-04-16,LINE-D,PROD-0028,197,193,4,Wrong Label,INS-013,FAIL
BATCH-80852,2022-02-27,LINE-C,PROD-0175,71,71,0,None,INS-012,PASS
BATCH-86008,2022-06-17,LINE-C,PROD-0036,143,143,0,,INS-002,PASS
BATCH-66259,2023-06-16,LINE-D,PROD-0054,455,455,0,,INS-027,PASS
BATCH-16516,2022-01-26,LINE-B,PROD-0127,164,164,0,None,INS-015,fail
BATCH-60733,2024-04-12,LINE-B,PROD-0094,74,73,1,None,INS-002,PASS
BATCH-12558,2023-07-25,LINE-C,PROD-0077,136,135,1,,INS-030,PASS
BATCH-68381,2024-12-25,LINE-D,PROD-0112,455,366,89,Wrong Label,INS-014,FAIL
BATCH-30824,2024-08-03,LINE-D,PROD-0193,266,265,1,None,INS-016,PASS
BATCH-27829,2022-02-27,LINE-D,PROD-0129,488,488,0,None,INS-013,PASS
BATCH-47768,2024-03-23,LINE-D,PROD-0099,52,52,0,None,INS-021,PASS
BATCH-59040,2023-03-04,LINE-A,PROD-0008,463,463,0,None,INS-013,PASS
BATCH-53486,2023-09-18,LINE-D,PROD-0043,213,213,0,,INS-019,PASS
BATCH-18119,2022-01-29,LINE-E,PROD-0113,218,218,0,None,INS-014,pass
BATCH-23552,2022-12-06,LINE-D,PROD-0191,314,313,1,None,INS-023,PASS
BATCH-10113,2023-02-28,LINE-E,PROD-0035,415,414,1,,INS-023,PASS
BATCH-56141,2023-03-26,LINE-B,PROD-0150,422,422,0,None,INS-006,PASS
BATCH-97425,2022-09-09,LINE-A,PROD-0172,372,349,23,Surface Scratch,INS-012,pass
BATCH-52976,2023-12-06,LINE-E,PROD-0197,499,499,0,None,INS-008,PASS
BATCH-52297,2023-10-02,LINE-E,PROD-0162,165,165,0,,INS-024,PASS
BATCH-52743,2022-09-17,LINE-B,PROD-0102,394,316,78,Wrong Label,INS-025,FAIL
BATCH-99681,2023-10-22,LINE-D,PROD-0123,482,481,1,None,INS-016,PASS
BATCH-87102,2022-09-07,LINE-E,PROD-0010,375,375,0,None,INS-028,PASS
BATCH-46074,2023-08-25,LINE-D,PROD-0049,137,125,12,Surface Scratch,INS-017,FAIL
BATCH-92517,2024-10-21,LINE-A,PROD-0184,500,498,2,None,INS-008,PASS
BATCH-99796,2022-11-05,LINE-A,PROD-0028,395,395,0,,INS-030,PASS
BATCH-91569,2024-04-20,LINE-C,PROD-0055,421,419,2,None,INS-019,PASS
BATCH-35369,2024-04-05,LINE-E,PROD-0197,417,415,2,None,INS-015,PASS
BATCH-34279,2022-01-22,LINE-A,PROD-0073,248,248,0,,INS-007,PASS
BATCH-85280,2024-07-20,LINE-D,PROD-0001,403,403,0,,INS-006,PASS
BATCH-68626,2023-08-26,LINE-C,PROD-0071,122,120,2,None,INS-007,PASS
BATCH-67204,2024-01-15,LINE-A,PROD-0158,397,397,0,None,INS-002,PASS
BATCH-29242,2023-07-22,LINE-B,PROD-0074,134,134,0,None,INS-018,PASS
BATCH-68485,2024-08-30,LINE-E,PROD-0115,269,269,0,,INS-002,PASS
BATCH-20813,2024-05-16,LINE-A,PROD-0004,446,446,0,,INS-004,PASS
BATCH-93983,2024-01-06,LINE-D,PROD-0135,221,221,0,,INS-005,PASS
BATCH-71703,2022-08-20,LINE-D,PROD-0191,130,128,2,None,INS-021,PASS
BATCH-24660,2023-11-29,LINE-C,PROD-0033,178,177,1,,INS-006,PASS
BATCH-12473,2023-10-21,LINE-D,PROD-0031,338,338,0,,INS-027,PASS
BATCH-37436,2022-09-30,LINE-A,PROD-0016,402,402,0,None,INS-022,PASS
BATCH-74572,2024-08-21,LINE-C,PROD-0043,383,383,0,None,INS-018,PASS
BATCH-36054,2024-12-16,LINE-A,PROD-0192,369,327,42,Surface Scratch,INS-012,FAIL
BATCH-12271,2022-07-27,LINE-D,PROD-0005,332,332,0,,INS-022,PASS
BATCH-75999,2023-08-09,LINE-D,PROD-0191,461,416,45,Crack,INS-005,FAIL
BATCH-38377,2022-07-01,LINE-E,PROD-0153,134,134,0,,INS-002,PASS
BATCH-41345,2024-03-09,LINE-B,PROD-0128,217,190,27,Wrong Label,INS-005,FAIL
BATCH-39650,2022-01-28,LINE-B,PROD-0128,496,496,0,,INS-009,pass
BATCH-10717,2022-02-25,LINE-A,PROD-0110,162,162,0,None,INS-021,PASS
BATCH-44220,2023-02-18,LINE-A,PROD-0025,481,474,7,Surface Scratch,INS-014,FAIL
BATCH-86712,2022-01-05,LINE-A,PROD-0063,165,165,0,None,INS-027,PASS
BATCH-99717,2022-09-24,LINE-A,PROD-0017,421,421,0,None,INS-006,fail
BATCH-99417,2024-01-12,LINE-C,PROD-0160,228,198,30,Colour Deviation,INS-007,PENDING
BATCH-84138,2024-04-30,LINE-B,PROD-0036,92,91,1,,INS-012,PASS
BATCH-91935,2022-01-01,LINE-B,PROD-0042,299,299,0,,INS-022,PASS
BATCH-73819,2023-10-02,LINE-E,PROD-0135,87,86,1,,INS-012,PASS
BATCH-56156,2024-01-15,LINE-A,PROD-0005,213,213,0,None,INS-002,PASS
BATCH-32037,2024-10-28,LINE-B,PROD-0118,131,129,2,None,INS-011,PASS
BATCH-76431,2022-02-07,LINE-E,PROD-0130,374,362,12,Contamination,INS-012,FAIL
BATCH-81696,2023-10-11,LINE-B,PROD-0179,495,495,0,None,INS-029,PASS
BATCH-28883,2024-05-02,LINE-E,PROD-0138,302,302,0,None,INS-011,PASS
BATCH-76090,2022-05-30,LINE-C,PROD-0155,166,166,0,None,INS-018,PASS
BATCH-33351,2022-02-22,LINE-C,PROD-0102,398,397,1,,INS-030,PASS
BATCH-84332,2024-03-18,LINE-B,PROD-0088,184,182,2,,INS-002,PASS
BATCH-63007,2024-03-04,LINE-A,PROD-0140,497,495,2,,INS-011,PASS
BATCH-14888,2023-02-05,LINE-E,PROD-0175,479,434,45,Wrong Label,INS-011,FAIL
BATCH-26397,2023-03-18,LINE-D,PROD-0035,357,357,0,None,INS-004,PASS
BATCH-63121,2023-02-22,LINE-B,PROD-0140,480,397,83,Wrong Label,INS-010,FAIL
BATCH-22430,2024-06-27,LINE-E,PROD-0102,399,388,11,Surface Scratch,INS-015,FAIL
BATCH-90075,2024-06-06,LINE-C,PROD-0046,437,437,0,,INS-008,PASS
BATCH-53591,2024-05-03,LINE-C,PROD-0060,94,93,1,None,INS-023,PASS
BATCH-67994,2024-05-08,LINE-B,PROD-0039,308,307,1,,INS-009,PASS
BATCH-31826,2023-02-22,LINE-A,PROD-0066,470,402,68,Crack,INS-030,FAIL
BATCH-46810,2024-08-25,LINE-E,PROD-0123,373,373,0,None,INS-023,fail
BATCH-32031,2023-10-09,LINE-B,PROD-0097,129,127,2,None,INS-010,PASS
BATCH-30122,2023-10-05,LINE-C,PROD-0062,367,314,53,Surface Scratch,INS-029,FAIL
BATCH-27011,2024-02-21,LINE-E,PROD-0059,474,419,55,Missing Part,INS-026,FAIL
BATCH-16151,2024-02-24,LINE-A,PROD-0012,445,443,2,,INS-020,PASS
BATCH-99217,2024-08-08,LINE-E,PROD-0167,274,273,1,None,INS-024,PASS
BATCH-19544,2023-01-16,LINE-C,PROD-0110,421,421,0,None,INS-026,PASS
BATCH-54488,2024-12-20,LINE-B,PROD-0001,152,152,0,None,INS-029,PASS
BATCH-97730,2022-12-09,LINE-A,PROD-0162,133,132,1,,INS-020,PASS
BATCH-72620,2024-01-30,LINE-A,PROD-0106,94,77,17,Missing Part,INS-028,FAIL
BATCH-49229,2022-03-15,LINE-C,PROD-0200,96,95,1,None,INS-009,PASS
BATCH-29400,2022-12-21,LINE-B,PROD-0188,340,340,0,,INS-030,pass
BATCH-51122,2023-08-25,LINE-E,PROD-0165,156,156,0,None,INS-004,PASS
BATCH-87774,2023-11-30,LINE-A,PROD-0035,62,62,0,None,INS-020,PASS
BATCH-51503,2022-12-04,LINE-D,PROD-0187,376,374,2,,INS-014,PASS
BATCH-21999,2022-10-08,LINE-A,PROD-0114,53,52,1,None,INS-014,PASS
BATCH-42514,2022-01-26,LINE-A,PROD-0157,256,243,13,Wrong Label,INS-014,FAIL
BATCH-79628,2023-07-06,LINE-B,PROD-0089,141,139,2,,INS-014,PASS
BATCH-53462,2023-05-05,LINE-D,PROD-0165,177,175,2,None,INS-022,PASS
BATCH-23751,2023-04-03,LINE-B,PROD-0021,177,176,1,,INS-021,PENDING
BATCH-20396,2024-11-09,LINE-C,PROD-0038,480,460,20,Colour Deviation,INS-030,PENDING
BATCH-15627,2022-07-26,LINE-A,PROD-0045,71,70,1,None,INS-019,PASS
BATCH-64859,2022-11-03,LINE-E,PROD-0110,486,486,0,,INS-004,PASS
BATCH-11455,2022-09-17,LINE-E,PROD-0072,352,352,0,,INS-014,PASS
BATCH-81072,2024-08-07,LINE-A,PROD-0093,332,331,1,,INS-025,PASS
BATCH-48137,2023-05-21,LINE-A,PROD-0198,58,49,9,Wrong Label,INS-012,FAIL
BATCH-46513,2024-10-01,LINE-E,PROD-0147,398,366,32,Colour Deviation,INS-002,FAIL
BATCH-50558,2024-11-03,LINE-A,PROD-0115,191,189,2,None,INS-021,PASS
BATCH-31708,2024-10-11,LINE-C,PROD-0168,375,375,0,None,INS-021,PENDING
BATCH-24537,2022-01-14,LINE-C,PROD-0190,348,348,0,None,INS-023,PASS
BATCH-25289,2023-09-05,LINE-E,PROD-0096,118,95,23,Surface Scratch,INS-003,FAIL
BATCH-93812,2024-12-07,LINE-D,PROD-0004,396,395,1,None,INS-030,PASS
BATCH-32770,2022-04-27,LINE-A,PROD-0111,296,295,1,,INS-014,PASS
BATCH-85687,2023-06-01,LINE-A,PROD-0047,406,406,0,,INS-030,PASS
BATCH-80124,2024-03-18,LINE-E,PROD-0037,473,426,47,Dimensional Error,INS-020,FAIL
BATCH-11052,2024-01-21,LINE-E,PROD-0108,186,186,0,,INS-027,PASS
BATCH-65829,2023-09-01,LINE-A,PROD-0037,380,380,0,None,INS-005,PASS
BATCH-88732,2024-02-04,LINE-C,PROD-0048,304,304,0,None,INS-027,PASS
BATCH-78251,2024-03-02,LINE-D,PROD-0082,476,476,0,,INS-002,PASS
BATCH-89181,2023-07-08,LINE-D,PROD-0084,307,307,0,None,INS-026,PASS
BATCH-83294,2023-08-09,LINE-B,PROD-0158,212,212,0,None,INS-015,PASS
BATCH-94081,2022-03-13,LINE-B,PROD-0128,246,246,0,None,INS-014,PASS
BATCH-10316,2022-03-11,LINE-C,PROD-0115,121,120,1,None,INS-013,PASS
BATCH-70629,2022-09-22,LINE-C,PROD-0171,196,196,0,None,INS-016,PASS
BATCH-83570,2022-06-15,LINE-B,PROD-0164,92,90,2,,INS-013,PASS
BATCH-78071,2022-09-07,LINE-D,PROD-0098,204,199,5,Wrong Label,INS-012,FAIL
BATCH-64615,2023-04-11,LINE-C,PROD-0050,213,212,1,None,INS-016,PASS
BATCH-99464,2024-06-11,LINE-E,PROD-0197,453,386,67,Wrong Label,INS-022,FAIL
BATCH-47298,2023-01-02,LINE-D,PROD-0175,219,212,7,Surface Scratch,INS-021,FAIL
BATCH-90984,2022-09-26,LINE-E,PROD-0080,469,456,13,Colour Deviation,INS-007,FAIL
BATCH-86147,2023-02-24,LINE-D,PROD-0131,55,55,0,None,INS-005,PASS
BATCH-27135,2022-01-01,LINE-B,PROD-0149,343,341,2,None,INS-003,PASS
BATCH-24417,2023-02-16,LINE-D,PROD-0184,496,496,0,None,INS-027,PASS
BATCH-19947,2023-09-21,LINE-A,PROD-0111,95,79,16,Dimensional Error,INS-029,PENDING
BATCH-11230,2023-02-13,LINE-D,PROD-0068,292,292,0,,INS-024,PASS
BATCH-78088,2022-05-24,LINE-B,PROD-0153,406,406,0,None,INS-006,fail
BATCH-73494,2022-07-13,LINE-D,PROD-0104,438,438,0,,INS-022,pass
BATCH-79205,2024-08-08,LINE-A,PROD-0147,433,432,1,None,INS-023,PASS
BATCH-62285,2023-09-04,LINE-D,PROD-0003,344,344,0,,INS-013,PASS
BATCH-45712,2024-11-05,LINE-A,PROD-0126,467,467,0,None,INS-024,PASS
BATCH-14415,2024-01-02,LINE-C,PROD-0056,447,447,0,None,INS-021,PASS
BATCH-19522,2024-06-24,LINE-E,PROD-0037,140,140,0,,INS-010,PASS
BATCH-96010,2022-05-08,LINE-E,PROD-0092,324,324,0,None,INS-030,PASS
BATCH-51813,2024-12-10,LINE-E,PROD-0048,377,377,0,None,INS-029,PASS
BATCH-61544,2024-11-08,LINE-C,PROD-0186,410,410,0,None,INS-006,PASS
BATCH-49032,2023-03-07,LINE-C,PROD-0091,371,371,0,None,INS-023,PASS
BATCH-66758,2023-05-31,LINE-E,PROD-0080,403,401,2,,INS-005,PASS
BATCH-61833,2023-05-08,LINE-D,PROD-0197,134,133,1,,INS-020,PASS
BATCH-84102,2023-07-21,LINE-E,PROD-0048,451,384,67,Dimensional Error,INS-002,FAIL
BATCH-50188,2022-04-13,LINE-E,PROD-0011,125,125,0,None,INS-011,PASS
BATCH-60252,2022-10-29,LINE-C,PROD-0182,252,251,1,,INS-008,PASS
BATCH-95310,2024-04-03,LINE-C,PROD-0040,193,192,1,,INS-023,PASS
BATCH-97556,2022-05-17,LINE-A,PROD-0006,106,104,2,,INS-010,PASS
BATCH-74050,2022-02-04,LINE-C,PROD-0134,481,481,0,None,INS-023,PASS
BATCH-95953,2022-08-30,LINE-C,PROD-0060,475,474,1,,INS-004,PASS
BATCH-52207,2024-01-05,LINE-C,PROD-0159,292,292,0,None,INS-022,fail
BATCH-89988,2023-09-07,LINE-C,PROD-0131,486,484,2,,INS-006,PASS
BATCH-38046,2023-05-20,LINE-E,PROD-0012,360,358,2,None,INS-025,PASS
BATCH-54006,2024-02-04,LINE-A,PROD-0167,266,265,1,,INS-006,PASS
BATCH-60126,2024-12-04,LINE-E,PROD-0039,316,316,0,None,INS-005,PASS
BATCH-75264,2024-08-07,LINE-D,PROD-0161,419,419,0,None,INS-029,PASS
BATCH-61456,2024-07-13,LINE-D,PROD-0118,192,171,21,Missing Part,INS-027,FAIL
BATCH-42713,2023-07-31,LINE-E,PROD-0147,331,289,42,Dimensional Error,INS-022,FAIL
BATCH-70426,2024-02-21,LINE-B,PROD-0071,479,479,0,,INS-010,PASS
BATCH-50537,2022-08-08,LINE-A,PROD-0078,442,441,1,,INS-014,PASS
BATCH-90269,2023-04-30,LINE-D,PROD-0073,164,164,0,,INS-007,PASS
BATCH-90982,2022-09-28,LINE-A,PROD-0150,141,139,2,,INS-010,PASS
BATCH-42652,2022-08-19,LINE-A,PROD-0077,389,387,2,,INS-012,PASS
BATCH-32186,2023-06-03,LINE-B,PROD-0194,69,69,0,None,INS-027,pass
BATCH-94669,2023-11-15,LINE-B,PROD-0035,152,151,1,None,INS-016,PASS
BATCH-83029,2023-11-14,LINE-A,PROD-0170,452,446,6,Wrong Label,INS-018,FAIL
BATCH-17292,2024-04-14,LINE-A,PROD-0048,233,233,0,,INS-005,PASS
BATCH-35253,2023-12-22,LINE-D,PROD-0031,195,195,0,None,INS-030,PASS
BATCH-81289,2024-05-14,LINE-E,PROD-0158,328,328,0,None,INS-001,PASS
BATCH-52504,2024-09-23,LINE-B,PROD-0093,479,454,25,Wrong Label,INS-012,FAIL
BATCH-40699,2022-03-08,LINE-C,PROD-0033,361,360,1,None,INS-007,PASS
BATCH-54768,2024-04-13,LINE-A,PROD-0083,293,291,2,,INS-009,PASS
BATCH-66028,2023-08-09,LINE-E,PROD-0079,171,169,2,None,INS-019,PASS
BATCH-40887,2022-08-15,LINE-A,PROD-0188,308,271,37,Surface Scratch,INS-016,FAIL
BATCH-18372,2024-02-03,LINE-A,PROD-0079,221,221,0,None,INS-018,PASS
BATCH-90892,2024-08-29,LINE-C,PROD-0048,387,386,1,None,INS-020,PASS
BATCH-48727,2022-09-27,LINE-D,PROD-0085,325,301,24,Contamination,INS-009,FAIL
BATCH-87971,2024-08-01,LINE-A,PROD-0028,395,395,0,None,INS-025,PASS
BATCH-28855,2023-01-07,LINE-D,PROD-0128,409,375,34,Surface Scratch,INS-013,FAIL
BATCH-71854,2024-06-03,LINE-A,PROD-0060,450,408,42,Missing Part,INS-002,FAIL
BATCH-13927,2023-10-24,LINE-D,PROD-0021,63,63,0,None,INS-001,PASS
BATCH-20612,2022-09-18,LINE-E,PROD-0010,194,192,2,None,INS-020,PASS
BATCH-22746,2024-01-08,LINE-E,PROD-0101,399,399,0,None,INS-014,PASS
BATCH-97173,2024-08-03,LINE-C,PROD-0143,144,144,0,None,INS-028,PASS
BATCH-89754,2024-03-27,LINE-E,PROD-0187,457,455,2,,INS-014,PASS
BATCH-84688,2024-04-27,LINE-C,PROD-0040,167,167,0,None,INS-018,PASS
BATCH-29751,2024-07-26,LINE-A,PROD-0024,280,237,43,Dimensional Error,INS-004,pass
BATCH-18876,2023-06-30,LINE-A,PROD-0133,227,227,0,,INS-017,PASS
BATCH-89687,2022-07-29,LINE-A,PROD-0007,206,206,0,,INS-020,PASS
BATCH-55114,2024-10-08,LINE-C,PROD-0192,257,226,31,Crack,INS-015,FAIL
BATCH-53966,2023-02-03,LINE-A,PROD-0141,370,368,2,None,INS-008,PASS
BATCH-99620,2023-12-05,LINE-C,PROD-0085,331,329,2,,INS-002,PASS
BATCH-62541,2022-06-29,LINE-A,PROD-0156,74,72,2,None,INS-002,PASS
BATCH-12723,2023-10-07,LINE-D,PROD-0140,188,187,1,None,INS-015,PASS
BATCH-25684,2024-10-23,LINE-D,PROD-0194,59,58,1,None,INS-002,PASS
BATCH-60520,2022-06-26,LINE-A,PROD-0045,144,134,10,Wrong Label,INS-015,pass
BATCH-93703,2023-04-14,LINE-C,PROD-0036,364,364,0,None,INS-010,PASS
BATCH-74663,2022-06-30,LINE-C,PROD-0122,65,64,1,None,INS-007,PASS
BATCH-82601,2022-09-24,LINE-B,PROD-0112,109,109,0,None,INS-021,PENDING
BATCH-84143,2024-02-17,LINE-A,PROD-0068,136,136,0,,INS-026,PENDING
BATCH-43327,2023-11-20,LINE-D,PROD-0144,343,343,0,None,INS-003,PASS
BATCH-87393,2023-09-17,LINE-D,PROD-0169,351,286,65,Missing Part,INS-020,FAIL
BATCH-67409,2023-10-06,LINE-A,PROD-0099,305,304,1,None,INS-012,fail
BATCH-26785,2024-11-06,LINE-E,PROD-0065,160,160,0,,INS-006,PASS
BATCH-69281,2022-08-17,LINE-E,PROD-0082,176,176,0,,INS-010,fail
BATCH-73913,2023-08-02,LINE-B,PROD-0155,336,305,31,Wrong Label,INS-002,FAIL
BATCH-67507,2022-10-26,LINE-E,PROD-0146,200,200,0,None,INS-001,PASS
BATCH-19023,2023-03-30,LINE-E,PROD-0119,237,235,2,None,INS-023,PASS
BATCH-59578,2022-04-05,LINE-B,PROD-0130,139,139,0,,INS-005,PASS
BATCH-75820,2023-05-30,LINE-A,PROD-0011,489,408,81,Contamination,INS-002,FAIL
BATCH-33574,2022-03-07,LINE-C,PROD-0076,424,423,1,,INS-006,PASS
BATCH-60555,2024-10-31,LINE-E,PROD-0078,204,203,1,None,INS-022,PASS
BATCH-97797,2022-01-17,LINE-B,PROD-0057,168,168,0,None,INS-014,PASS
BATCH-74483,2022-01-06,LINE-B,PROD-0116,96,82,14,Wrong Label,INS-017,pass
BATCH-50324,2022-10-16,LINE-C,PROD-0175,104,104,0,,INS-008,PASS
BATCH-88315,2024-12-24,LINE-C,PROD-0008,390,390,0,,INS-014,PASS
BATCH-95634,2024-04-26,LINE-B,PROD-0060,331,331,0,None,INS-021,PASS
BATCH-42681,2023-12-11,LINE-E,PROD-0123,378,378,0,None,INS-013,PASS
BATCH-52137,2023-06-26,LINE-E,PROD-0148,262,245,17,Crack,INS-028,FAIL
BATCH-55282,2022-05-19,LINE-E,PROD-0084,400,400,0,,INS-018,PASS
BATCH-52050,2023-05-16,LINE-B,PROD-0059,455,455,0,,INS-004,PENDING
BATCH-74198,2024-09-29,LINE-B,PROD-0136,242,218,24,Contamination,INS-008,FAIL
BATCH-71789,2022-10-08,LINE-C,PROD-0010,247,212,35,Contamination,INS-015,FAIL
BATCH-97664,2024-01-20,LINE-C,PROD-0040,50,50,0,,INS-029,fail
BATCH-73643,2022-02-06,LINE-A,PROD-0149,258,258,0,None,INS-008,PASS
BATCH-16695,2023-10-23,LINE-E,PROD-0010,447,394,53,Wrong Label,INS-001,FAIL
BATCH-60980,2024-01-25,LINE-B,PROD-0145,188,176,12,Contamination,INS-020,FAIL
BATCH-84663,2024-07-29,LINE-B,PROD-0186,436,435,1,,INS-019,PASS
BATCH-60043,2022-05-18,LINE-C,PROD-0095,202,202,0,None,INS-024,PASS
BATCH-10611,2024-05-23,LINE-A,PROD-0161,358,358,0,None,INS-018,PENDING
BATCH-87852,2022-10-10,LINE-C,PROD-0006,184,184,0,,INS-011,PASS
BATCH-43725,2023-01-24,LINE-C,PROD-0106,94,87,7,Colour Deviation,INS-004,FAIL
BATCH-78155,2023-08-24,LINE-B,PROD-0184,91,74,17,Surface Scratch,INS-029,FAIL
BATCH-76053,2022-07-31,LINE-A,PROD-0162,440,439,1,None,INS-026,PASS
BATCH-65276,2024-06-19,LINE-B,PROD-0032,166,157,9,Surface Scratch,INS-001,FAIL
BATCH-88978,2022-01-08,LINE-C,PROD-0190,315,283,32,Surface Scratch,INS-008,FAIL
BATCH-79691,2024-02-16,LINE-A,PROD-0080,392,392,0,,INS-026,PASS
BATCH-23246,2024-02-14,LINE-B,PROD-0152,257,257,0,None,INS-026,PASS
BATCH-91279,2023-11-29,LINE-B,PROD-0175,303,303,0,,INS-002,PASS
BATCH-70679,2024-11-24,LINE-B,PROD-0137,331,330,1,,INS-026,PASS
BATCH-96449,2023-02-27,LINE-C,PROD-0119,288,265,23,Contamination,INS-027,FAIL
BATCH-72013,2022-02-01,LINE-B,PROD-0154,471,438,33,Contamination,INS-012,FAIL
BATCH-83682,2024-06-13,LINE-A,PROD-0001,376,374,2,None,INS-020,PASS
BATCH-66882,2022-11-22,LINE-E,PROD-0024,186,186,0,None,INS-022,PASS
BATCH-43381,2022-08-25,LINE-B,PROD-0024,322,321,1,None,INS-028,PENDING
BATCH-72218,2024-11-07,LINE-E,PROD-0182,213,211,2,None,INS-018,PASS
BATCH-38452,2024-04-22,LINE-A,PROD-0121,364,310,54,Crack,INS-016,FAIL
BATCH-14001,2023-08-15,LINE-B,PROD-0177,413,413,0,None,INS-010,PASS
BATCH-22978,2023-05-10,LINE-A,PROD-0193,290,290,0,None,INS-028,PASS
BATCH-64541,2022-02-13,LINE-D,PROD-0078,431,429,2,,INS-019,PASS
BATCH-38106,2024-09-19,LINE-D,PROD-0183,494,465,29,Contamination,INS-013,FAIL
BATCH-51371,2022-10-27,LINE-A,PROD-0178,462,388,74,Colour Deviation,INS-024,FAIL
BATCH-33123,2023-06-12,LINE-D,PROD-0096,187,176,11,Missing Part,INS-008,FAIL
BATCH-15334,2022-10-23,LINE-D,PROD-0089,474,472,2,None,INS-015,PASS
BATCH-31981,2024-07-26,LINE-B,PROD-0072,120,120,0,,INS-017,PASS
BATCH-67088,2022-04-24,LINE-A,PROD-0138,243,243,0,,INS-021,PASS
BATCH-24887,2023-05-01,LINE-E,PROD-0166,210,194,16,Colour Deviation,INS-009,FAIL
BATCH-11360,2022-12-22,LINE-C,PROD-0167,128,128,0,None,INS-024,PASS
BATCH-20614,2022-10-23,LINE-D,PROD-0003,383,345,38,Wrong Label,INS-023,FAIL
BATCH-85219,2023-10-12,LINE-B,PROD-0193,223,223,0,None,INS-023,PASS
BATCH-55885,2023-10-17,LINE-E,PROD-0165,126,126,0,None,INS-022,PASS
BATCH-32449,2024-07-19,LINE-A,PROD-0096,413,412,1,None,INS-008,PASS
BATCH-26846,2022-11-10,LINE-E,PROD-0134,270,270,0,None,INS-018,PASS
BATCH-85316,2024-08-21,LINE-E,PROD-0029,342,342,0,,INS-020,PASS
BATCH-78744,2023-08-07,LINE-E,PROD-0133,224,224,0,None,INS-017,PASS
BATCH-60600,2024-10-09,LINE-E,PROD-0033,397,397,0,None,INS-006,PASS
BATCH-49007,2022-01-05,LINE-B,PROD-0196,159,158,1,None,INS-014,fail
BATCH-99072,2022-10-01,LINE-A,PROD-0019,452,452,0,None,INS-017,PASS
BATCH-55910,2023-11-05,LINE-A,PROD-0162,148,148,0,,INS-005,PASS
BATCH-16859,2024-06-15,LINE-C,PROD-0037,481,481,0,,INS-021,PENDING
BATCH-61787,2023-10-26,LINE-E,PROD-0066,476,476,0,,INS-020,PASS
BATCH-30885,2023-02-25,LINE-A,PROD-0036,313,312,1,,INS-022,PASS
BATCH-31875,2023-12-28,LINE-E,PROD-0078,179,179,0,None,INS-010,PASS
BATCH-83712,2022-08-13,LINE-B,PROD-0062,466,466,0,,INS-009,PASS
BATCH-35956,2024-05-20,LINE-B,PROD-0124,481,469,12,Dimensional Error,INS-012,fail
BATCH-95822,2022-11-15,LINE-B,PROD-0143,212,210,2,None,INS-016,PASS
BATCH-28187,2023-10-28,LINE-C,PROD-0189,282,282,0,None,INS-029,PASS
BATCH-25002,2023-12-18,LINE-E,PROD-0184,279,279,0,None,INS-026,PASS
BATCH-90800,2022-11-28,LINE-D,PROD-0156,477,477,0,,INS-012,PASS
BATCH-39735,2022-03-02,LINE-D,PROD-0074,139,139,0,None,INS-011,PASS
BATCH-62726,2023-08-15,LINE-D,PROD-0067,468,467,1,None,INS-021,PASS
BATCH-73262,2024-06-20,LINE-D,PROD-0046,462,423,39,Wrong Label,INS-026,FAIL
BATCH-26779,2022-05-22,LINE-A,PROD-0017,477,477,0,,INS-016,PASS
BATCH-17486,2024-01-19,LINE-B,PROD-0034,345,286,59,Wrong Label,INS-018,FAIL
BATCH-47629,2022-08-29,LINE-E,PROD-0180,488,486,2,None,INS-027,PASS
BATCH-61791,2023-04-15,LINE-E,PROD-0105,389,388,1,None,INS-024,PASS
BATCH-34497,2024-04-22,LINE-E,PROD-0168,228,228,0,None,INS-027,PASS
BATCH-88872,2023-04-07,LINE-A,PROD-0086,62,61,1,None,INS-019,PASS
BATCH-93716,2024-12-01,LINE-B,PROD-0069,370,368,2,,INS-022,PASS
BATCH-15882,2024-12-07,LINE-A,PROD-0126,348,312,36,Dimensional Error,INS-022,FAIL
BATCH-39136,2024-12-08,LINE-C,PROD-0114,227,225,2,None,INS-029,fail
BATCH-31738,2022-08-17,LINE-B,PROD-0156,339,338,1,,INS-024,PASS
BATCH-45797,2023-11-04,LINE-E,PROD-0167,307,306,1,,INS-029,PASS
BATCH-47317,2022-10-24,LINE-A,PROD-0080,436,435,1,None,INS-006,PASS
BATCH-54337,2022-12-13,LINE-D,PROD-0081,272,272,0,None,INS-006,PENDING
BATCH-32036,2022-12-30,LINE-B,PROD-0019,235,235,0,None,INS-007,PASS
BATCH-17369,2023-10-13,LINE-D,PROD-0102,52,50,2,,INS-006,PASS
BATCH-13746,2023-11-22,LINE-E,PROD-0162,472,470,2,None,INS-021,PASS
BATCH-98788,2023-05-22,LINE-E,PROD-0004,349,347,2,None,INS-006,PASS
BATCH-94406,2022-11-26,LINE-B,PROD-0167,103,101,2,,INS-004,PASS
BATCH-94379,2022-01-18,LINE-E,PROD-0097,316,315,1,None,INS-020,PASS
BATCH-56396,2024-08-14,LINE-E,PROD-0119,77,77,0,,INS-005,PASS
BATCH-97499,2022-03-17,LINE-E,PROD-0134,100,95,5,Crack,INS-026,FAIL
BATCH-99971,2024-01-18,LINE-E,PROD-0088,86,86,0,None,INS-027,PASS
BATCH-35774,2022-03-19,LINE-E,PROD-0071,325,325,0,,INS-021,PASS
BATCH-50270,2022-01-12,LINE-E,PROD-0080,197,195,2,,INS-026,PASS
BATCH-72625,2023-03-26,LINE-A,PROD-0146,113,111,2,None,INS-021,PASS
BATCH-31530,2024-06-14,LINE-C,PROD-0029,195,194,1,,INS-030,PASS
BATCH-70896,2024-06-01,LINE-A,PROD-0173,488,488,0,,INS-008,PASS
BATCH-26927,2024-07-29,LINE-D,PROD-0012,54,54,0,,INS-011,fail
BATCH-97612,2022-12-09,LINE-C,PROD-0150,228,228,0,,INS-017,PASS
BATCH-70737,2022-10-01,LINE-D,PROD-0160,332,332,0,,INS-008,PASS
BATCH-48321,2023-02-09,LINE-C,PROD-0069,284,250,34,Wrong Label,INS-012,FAIL
BATCH-19323,2024-04-25,LINE-A,PROD-0130,446,445,1,,INS-008,pass
BATCH-48985,2022-09-09,LINE-A,PROD-0196,254,254,0,None,INS-023,PASS
BATCH-93598,2022-09-19,LINE-E,PROD-0029,136,136,0,None,INS-027,PENDING
BATCH-99657,2022-11-08,LINE-D,PROD-0168,250,250,0,,INS-019,PASS
BATCH-94063,2023-02-09,LINE-D,PROD-0188,482,482,0,,INS-025,PASS
BATCH-75243,2023-09-06,LINE-D,PROD-0145,481,481,0,None,INS-016,PASS
BATCH-31038,2024-07-18,LINE-B,PROD-0084,142,141,1,,INS-016,PASS
BATCH-33427,2024-12-07,LINE-E,PROD-0035,160,160,0,,INS-025,PASS
BATCH-17154,2023-05-19,LINE-C,PROD-0195,187,154,33,Dimensional Error,INS-019,FAIL
BATCH-39953,2022-09-15,LINE-B,PROD-0125,74,69,5,Crack,INS-026,FAIL
BATCH-54341,2023-01-27,LINE-A,PROD-0037,296,296,0,None,INS-020,PASS
BATCH-41846,2024-02-16,LINE-C,PROD-0193,484,484,0,None,INS-026,PASS
BATCH-90094,2022-08-16,LINE-A,PROD-0035,321,321,0,,INS-023,pass
BATCH-37731,2024-12-23,LINE-E,PROD-0042,57,49,8,Surface Scratch,INS-021,FAIL
BATCH-13308,2022-08-26,LINE-E,PROD-0096,260,260,0,,INS-006,PENDING
BATCH-22206,2022-01-13,LINE-B,PROD-0198,498,461,37,Crack,INS-008,FAIL
BATCH-19938,2023-05-19,LINE-D,PROD-0195,432,431,1,None,INS-009,PASS
BATCH-61370,2024-04-20,LINE-B,PROD-0101,185,185,0,,INS-012,PASS
BATCH-23581,2022-03-05,LINE-A,PROD-0016,197,197,0,None,INS-029,PASS
BATCH-24669,2024-06-03,LINE-C,PROD-0167,430,430,0,None,INS-001,PASS
BATCH-39663,2022-12-21,LINE-A,PROD-0144,241,241,0,None,INS-010,PASS
BATCH-71388,2023-06-05,LINE-C,PROD-0031,359,359,0,None,INS-016,PASS
BATCH-24226,2023-07-10,LINE-B,PROD-0113,100,99,1,Wrong Label,INS-001,FAIL
BATCH-15664,2022-06-11,LINE-D,PROD-0133,438,438,0,None,INS-013,PASS
BATCH-92205,2022-02-09,LINE-C,PROD-0084,115,93,22,Crack,INS-028,FAIL
BATCH-25045,2022-09-14,LINE-E,PROD-0045,495,494,1,,INS-003,pass
BATCH-54479,2022-01-09,LINE-E,PROD-0182,488,487,1,None,INS-001,PASS
BATCH-34955,2024-06-17,LINE-D,PROD-0089,410,408,2,,INS-023,PASS
BATCH-75197,2023-08-30,LINE-D,PROD-0040,165,165,0,None,INS-029,PASS
BATCH-78960,2023-05-31,LINE-C,PROD-0129,218,218,0,,INS-012,PASS
BATCH-69057,2022-09-23,LINE-E,PROD-0076,92,92,0,,INS-012,PASS
BATCH-30081,2023-01-12,LINE-D,PROD-0178,313,311,2,None,INS-018,PASS
BATCH-59897,2024-08-05,LINE-E,PROD-0164,307,253,54,Dimensional Error,INS-023,FAIL
BATCH-18986,2024-10-28,LINE-C,PROD-0165,499,499,0,None,INS-018,PASS
BATCH-34823,2023-07-29,LINE-E,PROD-0073,62,62,0,None,INS-004,PASS
BATCH-43497,2024-11-13,LINE-B,PROD-0062,211,211,0,,INS-021,PASS
BATCH-98333,2023-08-20,LINE-D,PROD-0135,377,377,0,,INS-022,PASS
BATCH-18165,2023-12-13,LINE-A,PROD-0104,251,249,2,None,INS-015,fail
BATCH-72271,2023-08-26,LINE-E,PROD-0178,187,187,0,None,INS-005,PASS
BATCH-40842,2022-03-19,LINE-E,PROD-0093,353,352,1,,INS-029,PASS
BATCH-56661,2024-04-30,LINE-B,PROD-0099,258,257,1,,INS-028,PASS
BATCH-68572,2022-11-16,LINE-D,PROD-0113,294,293,1,,INS-011,PASS
BATCH-57299,2022-01-23,LINE-E,PROD-0011,279,278,1,None,INS-021,PASS
BATCH-40221,2023-03-05,LINE-B,PROD-0074,98,98,0,,INS-004,PASS
BATCH-43943,2024-03-26,LINE-D,PROD-0052,320,320,0,None,INS-029,PASS
BATCH-26724,2024-01-01,LINE-A,PROD-0047,476,476,0,,INS-010,PASS
BATCH-35872,2023-05-18,LINE-B,PROD-0152,387,387,0,None,INS-013,PASS
BATCH-70690,2022-09-22,LINE-D,PROD-0106,224,223,1,None,INS-012,PASS
BATCH-98423,2022-04-27,LINE-A,PROD-0180,140,140,0,,INS-011,PASS
BATCH-93766,2024-09-27,LINE-A,PROD-0179,162,139,1501,Surface Scratch,INS-015,FAIL
BATCH-97846,2023-06-29,LINE-E,PROD-0098,203,203,0,,INS-007,PASS
BATCH-31665,2022-11-05,LINE-D,PROD-0021,237,237,0,None,INS-026,PENDING
BATCH-73148,2022-03-26,LINE-D,PROD-0163,266,266,0,None,INS-024,PASS
BATCH-14911,2023-12-13,LINE-D,PROD-0085,179,179,0,None,INS-002,PASS
BATCH-95810,2022-01-08,LINE-C,PROD-0048,199,198,1,Missing Part,INS-024,FAIL
BATCH-96668,2023-07-31,LINE-A,PROD-0192,255,255,0,,INS-003,PASS
BATCH-30441,2022-09-16,LINE-B,PROD-0153,297,297,0,None,INS-012,PASS
BATCH-77476,2023-04-12,LINE-B,PROD-0022,175,175,0,,INS-018,PASS
BATCH-26943,2022-09-01,LINE-D,PROD-0059,463,463,0,None,INS-030,PASS
BATCH-24387,2023-05-30,LINE-C,PROD-0163,293,248,45,Wrong Label,INS-016,FAIL
BATCH-98021,2024-09-29,LINE-D,PROD-0117,253,253,0,,INS-023,PASS
BATCH-17879,2024-10-09,LINE-A,PROD-0115,498,498,0,,INS-016,fail
BATCH-57684,2022-05-29,LINE-B,PROD-0120,268,268,0,None,INS-018,PASS
BATCH-99991,2024-01-04,LINE-C,PROD-0080,467,467,0,,INS-005,PASS
BATCH-88480,2023-07-10,LINE-E,PROD-0098,206,204,2,,INS-015,PASS
BATCH-18728,2022-10-05,LINE-B,PROD-0148,347,347,0,,INS-020,PASS
BATCH-44863,2023-01-06,LINE-D,PROD-0099,65,65,0,None,INS-002,PASS
BATCH-28717,2024-03-06,LINE-D,PROD-0094,396,396,0,None,INS-006,PASS
BATCH-13411,2024-06-26,LINE-A,PROD-0070,296,296,0,,INS-015,PASS
BATCH-68236,2024-06-04,LINE-A,PROD-0158,77,77,0,,INS-012,PASS
BATCH-83662,2022-04-16,LINE-D,PROD-0025,390,389,1,None,INS-027,PASS
BATCH-57096,2024-04-04,LINE-A,PROD-0112,219,218,1,None,INS-011,PASS
BATCH-77269,2023-02-27,LINE-E,PROD-0044,221,211,10,Dimensional Error,INS-011,FAIL
BATCH-51875,2023-05-09,LINE-C,PROD-0155,249,249,0,None,INS-008,PASS
BATCH-43152,2024-05-13,LINE-E,PROD-0145,94,86,8,Colour Deviation,INS-009,FAIL
BATCH-56880,2022-11-19,LINE-A,PROD-0141,270,269,1,None,INS-002,PASS
BATCH-74975,2024-05-01,LINE-B,PROD-0200,372,372,0,,INS-011,pass
BATCH-55672,2024-11-14,LINE-B,PROD-0163,138,137,1,None,INS-018,PASS
BATCH-76952,2024-12-03,LINE-B,PROD-0033,351,316,35,Dimensional Error,INS-004,FAIL
BATCH-13265,2024-04-23,LINE-C,PROD-0200,325,262,63,Contamination,INS-023,FAIL
BATCH-27348,2024-09-27,LINE-A,PROD-0135,290,290,0,None,INS-017,PASS
BATCH-38401,2024-12-14,LINE-D,PROD-0040,325,323,2,None,INS-012,PASS
BATCH-47612,2023-03-24,LINE-C,PROD-0038,221,196,25,Surface Scratch,INS-016,FAIL
BATCH-11595,2024-02-24,LINE-D,PROD-0104,61,61,0,None,INS-014,PASS
BATCH-39509,2024-06-01,LINE-C,PROD-0139,96,96,0,,INS-018,PASS
BATCH-14188,2023-07-08,LINE-C,PROD-0111,483,483,0,,INS-028,PASS
BATCH-51293,2022-03-15,LINE-C,PROD-0034,145,143,2,None,INS-021,PASS
BATCH-24381,2024-08-05,LINE-A,PROD-0111,397,397,0,None,INS-017,PASS
BATCH-77841,2022-06-22,LINE-A,PROD-0117,203,202,1,,INS-012,PASS
BATCH-90515,2023-06-03,LINE-D,PROD-0153,351,351,0,None,INS-002,PASS
BATCH-78267,2023-04-16,LINE-E,PROD-0018,341,340,1,,INS-012,PASS
BATCH-36285,2023-01-24,LINE-A,PROD-0001,187,187,0,None,INS-002,PASS
BATCH-36526,2023-06-27,LINE-B,PROD-0194,484,484,0,None,INS-018,PASS
BATCH-41380,2023-10-02,LINE-C,PROD-0178,136,111,25,Colour Deviation,INS-001,PENDING
BATCH-86811,2024-05-13,LINE-D,PROD-0117,316,316,0,None,INS-030,PASS
BATCH-52899,2022-11-04,LINE-A,PRO